[{"model": "admin.logentry", "pk": 1, "fields": {"action_time": "2024-03-11T11:57:37.574Z", "user": 1, "content_type": 7, "object_id": "1", "object_repr": "Grade 1", "action_flag": 1, "change_message": "[{\"added\": {}}]"}}, {"model": "admin.logentry", "pk": 2, "fields": {"action_time": "2024-03-11T11:57:39.391Z", "user": 1, "content_type": 7, "object_id": "2", "object_repr": "Grade 2", "action_flag": 1, "change_message": "[{\"added\": {}}]"}}, {"model": "admin.logentry", "pk": 3, "fields": {"action_time": "2024-03-11T11:57:41.699Z", "user": 1, "content_type": 7, "object_id": "3", "object_repr": "Grade 3", "action_flag": 1, "change_message": "[{\"added\": {}}]"}}, {"model": "admin.logentry", "pk": 4, "fields": {"action_time": "2024-03-11T11:57:44.282Z", "user": 1, "content_type": 7, "object_id": "4", "object_repr": "Grade 4", "action_flag": 1, "change_message": "[{\"added\": {}}]"}}, {"model": "admin.logentry", "pk": 5, "fields": {"action_time": "2024-03-11T11:57:46.953Z", "user": 1, "content_type": 7, "object_id": "5", "object_repr": "Grade 5", "action_flag": 1, "change_message": "[{\"added\": {}}]"}}, {"model": "admin.logentry", "pk": 6, "fields": {"action_time": "2024-03-11T11:57:50.200Z", "user": 1, "content_type": 7, "object_id": "6", "object_repr": "Grade 6", "action_flag": 1, "change_message": "[{\"added\": {}}]"}}, {"model": "admin.logentry", "pk": 7, "fields": {"action_time": "2024-03-11T11:57:53.423Z", "user": 1, "content_type": 7, "object_id": "7", "object_repr": "Grade 7", "action_flag": 1, "change_message": "[{\"added\": {}}]"}}, {"model": "admin.logentry", "pk": 8, "fields": {"action_time": "2024-03-11T11:57:56.660Z", "user": 1, "content_type": 7, "object_id": "8", "object_repr": "Grade 8", "action_flag": 1, "change_message": "[{\"added\": {}}]"}}, {"model": "admin.logentry", "pk": 9, "fields": {"action_time": "2024-03-11T11:57:59.745Z", "user": 1, "content_type": 7, "object_id": "9", "object_repr": "Grade 9", "action_flag": 1, "change_message": "[{\"added\": {}}]"}}, {"model": "admin.logentry", "pk": 10, "fields": {"action_time": "2024-03-11T11:58:03.352Z", "user": 1, "content_type": 7, "object_id": "10", "object_repr": "Grade 10", "action_flag": 1, "change_message": "[{\"added\": {}}]"}}, {"model": "admin.logentry", "pk": 11, "fields": {"action_time": "2024-03-11T11:58:19.198Z", "user": 1, "content_type": 8, "object_id": "1", "object_repr": "Parent Escu Georgiana", "action_flag": 1, "change_message": "[{\"added\": {}}]"}}, {"model": "admin.logentry", "pk": 12, "fields": {"action_time": "2024-03-11T11:58:23.914Z", "user": 1, "content_type": 8, "object_id": "2", "object_repr": "Parent Escu Andrei", "action_flag": 1, "change_message": "[{\"added\": {}}]"}}, {"model": "admin.logentry", "pk": 13, "fields": {"action_time": "2024-03-11T11:58:33.102Z", "user": 1, "content_type": 8, "object_id": "3", "object_repr": "Parent Popescu Adrian", "action_flag": 1, "change_message": "[{\"added\": {}}]"}}, {"model": "admin.logentry", "pk": 14, "fields": {"action_time": "2024-03-11T11:58:37.204Z", "user": 1, "content_type": 8, "object_id": "4", "object_repr": "Parent Popescu Iulia", "action_flag": 1, "change_message": "[{\"added\": {}}]"}}, {"model": "admin.logentry", "pk": 15, "fields": {"action_time": "2024-03-11T11:58:46.434Z", "user": 1, "content_type": 8, "object_id": "5", "object_repr": "Parent Coman Iulia", "action_flag": 1, "change_message": "[{\"added\": {}}]"}}, {"model": "admin.logentry", "pk": 16, "fields": {"action_time": "2024-03-11T11:58:52.318Z", "user": 1, "content_type": 8, "object_id": "6", "object_repr": "Parent Coman Andrei", "action_flag": 1, "change_message": "[{\"added\": {}}]"}}, {"model": "admin.logentry", "pk": 17, "fields": {"action_time": "2024-03-11T11:59:07.428Z", "user": 1, "content_type": 8, "object_id": "7", "object_repr": "Parent Tudor Adrian", "action_flag": 1, "change_message": "[{\"added\": {}}]"}}, {"model": "admin.logentry", "pk": 18, "fields": {"action_time": "2024-03-11T11:59:11.845Z", "user": 1, "content_type": 8, "object_id": "8", "object_repr": "Parent Tudor Iulia", "action_flag": 1, "change_message": "[{\"added\": {}}]"}}, {"model": "admin.logentry", "pk": 19, "fields": {"action_time": "2024-03-11T11:59:20.804Z", "user": 1, "content_type": 9, "object_id": "1", "object_repr": "Principal Drinceanu Adrian", "action_flag": 1, "change_message": "[{\"added\": {}}]"}}, {"model": "admin.logentry", "pk": 20, "fields": {"action_time": "2024-03-11T11:59:31.207Z", "user": 1, "content_type": 10, "object_id": "1", "object_repr": "Subject Math", "action_flag": 1, "change_message": "[{\"added\": {}}]"}}, {"model": "admin.logentry", "pk": 21, "fields": {"action_time": "2024-03-11T11:59:35.157Z", "user": 1, "content_type": 10, "object_id": "2", "object_repr": "Subject Programming", "action_flag": 1, "change_message": "[{\"added\": {}}]"}}, {"model": "admin.logentry", "pk": 22, "fields": {"action_time": "2024-03-11T11:59:39.030Z", "user": 1, "content_type": 10, "object_id": "3", "object_repr": "Subject Arts", "action_flag": 1, "change_message": "[{\"added\": {}}]"}}, {"model": "admin.logentry", "pk": 23, "fields": {"action_time": "2024-03-11T11:59:44.035Z", "user": 1, "content_type": 10, "object_id": "4", "object_repr": "Subject Sport", "action_flag": 1, "change_message": "[{\"added\": {}}]"}}, {"model": "admin.logentry", "pk": 24, "fields": {"action_time": "2024-03-11T11:59:48.959Z", "user": 1, "content_type": 10, "object_id": "5", "object_repr": "Subject Calculus", "action_flag": 1, "change_message": "[{\"added\": {}}]"}}, {"model": "admin.logentry", "pk": 25, "fields": {"action_time": "2024-03-11T12:00:04.270Z", "user": 1, "content_type": 10, "object_id": "6", "object_repr": "Subject Languages", "action_flag": 1, "change_message": "[{\"added\": {}}]"}}, {"model": "admin.logentry", "pk": 26, "fields": {"action_time": "2024-03-11T12:00:34.488Z", "user": 1, "content_type": 14, "object_id": "1", "object_repr": "Teacher Drinceanu Iulia", "action_flag": 1, "change_message": "[{\"added\": {}}]"}}, {"model": "admin.logentry", "pk": 27, "fields": {"action_time": "2024-03-11T12:00:50.942Z", "user": 1, "content_type": 14, "object_id": "2", "object_repr": "Teacher Jane Doe", "action_flag": 1, "change_message": "[{\"added\": {}}]"}}, {"model": "admin.logentry", "pk": 28, "fields": {"action_time": "2024-03-11T12:01:05.194Z", "user": 1, "content_type": 14, "object_id": "3", "object_repr": "Teacher John Smith", "action_flag": 1, "change_message": "[{\"added\": {}}]"}}, {"model": "admin.logentry", "pk": 29, "fields": {"action_time": "2024-03-11T12:01:16.667Z", "user": 1, "content_type": 14, "object_id": "4", "object_repr": "Teacher Chris Rock", "action_flag": 1, "change_message": "[{\"added\": {}}]"}}, {"model": "admin.logentry", "pk": 30, "fields": {"action_time": "2024-03-11T12:01:24.876Z", "user": 1, "content_type": 11, "object_id": "1", "object_repr": "Group 1", "action_flag": 1, "change_message": "[{\"added\": {}}]"}}, {"model": "admin.logentry", "pk": 31, "fields": {"action_time": "2024-03-11T12:01:26.396Z", "user": 1, "content_type": 11, "object_id": "2", "object_repr": "Group 2", "action_flag": 1, "change_message": "[{\"added\": {}}]"}}, {"model": "admin.logentry", "pk": 32, "fields": {"action_time": "2024-03-11T12:01:27.631Z", "user": 1, "content_type": 11, "object_id": "3", "object_repr": "Group 3", "action_flag": 1, "change_message": "[{\"added\": {}}]"}}, {"model": "admin.logentry", "pk": 33, "fields": {"action_time": "2024-03-11T12:01:28.829Z", "user": 1, "content_type": 11, "object_id": "4", "object_repr": "Group 4", "action_flag": 1, "change_message": "[{\"added\": {}}]"}}, {"model": "admin.logentry", "pk": 34, "fields": {"action_time": "2024-03-11T12:01:37.352Z", "user": 1, "content_type": 11, "object_id": "4", "object_repr": "Group 4", "action_flag": 3, "change_message": ""}}, {"model": "admin.logentry", "pk": 35, "fields": {"action_time": "2024-03-11T12:01:37.375Z", "user": 1, "content_type": 11, "object_id": "3", "object_repr": "Group 3", "action_flag": 3, "change_message": ""}}, {"model": "admin.logentry", "pk": 36, "fields": {"action_time": "2024-03-11T12:01:37.387Z", "user": 1, "content_type": 11, "object_id": "2", "object_repr": "Group 2", "action_flag": 3, "change_message": ""}}, {"model": "admin.logentry", "pk": 37, "fields": {"action_time": "2024-03-11T12:01:37.398Z", "user": 1, "content_type": 11, "object_id": "1", "object_repr": "Group 1", "action_flag": 3, "change_message": ""}}, {"model": "admin.logentry", "pk": 38, "fields": {"action_time": "2024-03-11T12:01:41.915Z", "user": 1, "content_type": 11, "object_id": "5", "object_repr": "Group A", "action_flag": 1, "change_message": "[{\"added\": {}}]"}}, {"model": "admin.logentry", "pk": 39, "fields": {"action_time": "2024-03-11T12:01:43.929Z", "user": 1, "content_type": 11, "object_id": "6", "object_repr": "Group B", "action_flag": 1, "change_message": "[{\"added\": {}}]"}}, {"model": "admin.logentry", "pk": 40, "fields": {"action_time": "2024-03-11T12:01:45.557Z", "user": 1, "content_type": 11, "object_id": "7", "object_repr": "Group C", "action_flag": 1, "change_message": "[{\"added\": {}}]"}}, {"model": "admin.logentry", "pk": 41, "fields": {"action_time": "2024-03-11T12:01:56.394Z", "user": 1, "content_type": 15, "object_id": "1", "object_repr": "Year 1", "action_flag": 1, "change_message": "[{\"added\": {}}]"}}, {"model": "admin.logentry", "pk": 42, "fields": {"action_time": "2024-03-11T12:02:03.085Z", "user": 1, "content_type": 15, "object_id": "2", "object_repr": "Year 2", "action_flag": 1, "change_message": "[{\"added\": {}}]"}}, {"model": "admin.logentry", "pk": 43, "fields": {"action_time": "2024-03-11T12:02:06.909Z", "user": 1, "content_type": 15, "object_id": "3", "object_repr": "Year 3", "action_flag": 1, "change_message": "[{\"added\": {}}]"}}, {"model": "admin.logentry", "pk": 44, "fields": {"action_time": "2024-03-11T12:02:13.930Z", "user": 1, "content_type": 15, "object_id": "4", "object_repr": "Year 4", "action_flag": 1, "change_message": "[{\"added\": {}}]"}}, {"model": "admin.logentry", "pk": 45, "fields": {"action_time": "2024-03-11T12:04:15.109Z", "user": 1, "content_type": 12, "object_id": "1", "object_repr": "Student Coman Junior", "action_flag": 1, "change_message": "[{\"added\": {}}]"}}, {"model": "admin.logentry", "pk": 46, "fields": {"action_time": "2024-03-11T12:04:18.397Z", "user": 1, "content_type": 13, "object_id": "1", "object_repr": "Homework Calculus Homework", "action_flag": 1, "change_message": "[{\"added\": {}}]"}}, {"model": "admin.logentry", "pk": 47, "fields": {"action_time": "2024-03-11T12:12:28.572Z", "user": 1, "content_type": 12, "object_id": "1", "object_repr": "Student Coman Junior", "action_flag": 2, "change_message": "[]"}}, {"model": "admin.logentry", "pk": 48, "fields": {"action_time": "2024-03-11T12:13:27.276Z", "user": 1, "content_type": 16, "object_id": "1", "object_repr": "Student Coman Junior got 10 in Programming", "action_flag": 1, "change_message": "[{\"added\": {}}]"}}, {"model": "admin.logentry", "pk": 49, "fields": {"action_time": "2024-03-11T12:13:32.924Z", "user": 1, "content_type": 16, "object_id": "2", "object_repr": "Student Coman Junior got 10 in Math", "action_flag": 1, "change_message": "[{\"added\": {}}]"}}, {"model": "admin.logentry", "pk": 50, "fields": {"action_time": "2024-03-11T12:13:39.023Z", "user": 1, "content_type": 16, "object_id": "3", "object_repr": "Student Coman Junior got 8 in Arts", "action_flag": 1, "change_message": "[{\"added\": {}}]"}}, {"model": "admin.logentry", "pk": 51, "fields": {"action_time": "2024-03-11T12:14:18.417Z", "user": 1, "content_type": 12, "object_id": "2", "object_repr": "Student Escu Junior", "action_flag": 1, "change_message": "[{\"added\": {}}]"}}, {"model": "admin.logentry", "pk": 52, "fields": {"action_time": "2024-03-11T12:14:41.564Z", "user": 1, "content_type": 12, "object_id": "3", "object_repr": "Student Popescu Junior", "action_flag": 1, "change_message": "[{\"added\": {}}]"}}, {"model": "admin.logentry", "pk": 53, "fields": {"action_time": "2024-03-11T12:15:01.190Z", "user": 1, "content_type": 12, "object_id": "4", "object_repr": "Student Tudor Junior", "action_flag": 1, "change_message": "[{\"added\": {}}]"}}, {"model": "admin.logentry", "pk": 54, "fields": {"action_time": "2024-03-11T13:59:40.742Z", "user": 1, "content_type": 12, "object_id": "4", "object_repr": "Student tudor junior", "action_flag": 2, "change_message": "[{\"changed\": {\"fields\": [\"First name\", \"Last name\", \"Name\", \"Phone\"]}}]"}}, {"model": "admin.logentry", "pk": 55, "fields": {"action_time": "2024-03-11T14:00:25.490Z", "user": 1, "content_type": 12, "object_id": "4", "object_repr": "Student tudor junior", "action_flag": 3, "change_message": ""}}, {"model": "admin.logentry", "pk": 56, "fields": {"action_time": "2024-03-11T14:00:25.578Z", "user": 1, "content_type": 12, "object_id": "3", "object_repr": "Student None", "action_flag": 3, "change_message": ""}}, {"model": "admin.logentry", "pk": 57, "fields": {"action_time": "2024-03-11T14:00:25.592Z", "user": 1, "content_type": 12, "object_id": "2", "object_repr": "Student None", "action_flag": 3, "change_message": ""}}, {"model": "admin.logentry", "pk": 58, "fields": {"action_time": "2024-03-11T14:00:25.605Z", "user": 1, "content_type": 12, "object_id": "1", "object_repr": "Student None", "action_flag": 3, "change_message": ""}}, {"model": "admin.logentry", "pk": 59, "fields": {"action_time": "2024-03-11T14:09:23.438Z", "user": 1, "content_type": 12, "object_id": "5", "object_repr": "Student Tudor Junior", "action_flag": 1, "change_message": "[{\"added\": {}}]"}}, {"model": "admin.logentry", "pk": 60, "fields": {"action_time": "2024-03-11T14:13:33.167Z", "user": 1, "content_type": 12, "object_id": "5", "object_repr": "Student Tudor Junior", "action_flag": 3, "change_message": ""}}, {"model": "admin.logentry", "pk": 61, "fields": {"action_time": "2024-03-11T14:13:48.912Z", "user": 1, "content_type": 12, "object_id": "6", "object_repr": "Student Escu Junior", "action_flag": 1, "change_message": "[{\"added\": {}}]"}}, {"model": "admin.logentry", "pk": 62, "fields": {"action_time": "2024-03-11T14:14:07.214Z", "user": 1, "content_type": 4, "object_id": "2", "object_repr": "tudor_junior", "action_flag": 3, "change_message": ""}}, {"model": "admin.logentry", "pk": 63, "fields": {"action_time": "2024-03-11T14:21:50.783Z", "user": 1, "content_type": 3, "object_id": "1", "object_repr": "Students", "action_flag": 1, "change_message": "[{\"added\": {}}]"}}, {"model": "admin.logentry", "pk": 64, "fields": {"action_time": "2024-03-11T15:26:49.717Z", "user": 1, "content_type": 12, "object_id": "6", "object_repr": "Student Escu Junior", "action_flag": 2, "change_message": "[{\"changed\": {\"fields\": [\"Group\"]}}]"}}, {"model": "admin.logentry", "pk": 65, "fields": {"action_time": "2024-03-11T15:27:46.093Z", "user": 1, "content_type": 3, "object_id": "1", "object_repr": "Students", "action_flag": 2, "change_message": "[{\"changed\": {\"fields\": [\"Permissions\"]}}]"}}, {"model": "admin.logentry", "pk": 66, "fields": {"action_time": "2024-03-11T15:29:17.865Z", "user": 1, "content_type": 3, "object_id": "2", "object_repr": "Teachers", "action_flag": 1, "change_message": "[{\"added\": {}}]"}}, {"model": "admin.logentry", "pk": 67, "fields": {"action_time": "2024-03-11T15:30:35.843Z", "user": 1, "content_type": 3, "object_id": "3", "object_repr": "Parents", "action_flag": 1, "change_message": "[{\"added\": {}}]"}}, {"model": "admin.logentry", "pk": 68, "fields": {"action_time": "2024-03-11T15:42:43.560Z", "user": 1, "content_type": 8, "object_id": "8", "object_repr": "Parent Tudor Iulia", "action_flag": 2, "change_message": "[{\"changed\": {\"fields\": [\"Email\", \"Phone\", \"Group\"]}}]"}}, {"model": "admin.logentry", "pk": 69, "fields": {"action_time": "2024-03-11T15:43:08.173Z", "user": 1, "content_type": 8, "object_id": "9", "object_repr": "Parent Cutarescu Andrei", "action_flag": 1, "change_message": "[{\"added\": {}}]"}}, {"model": "admin.logentry", "pk": 70, "fields": {"action_time": "2024-03-11T15:44:45.843Z", "user": 1, "content_type": 8, "object_id": "7", "object_repr": "Parent Tudor Adrian", "action_flag": 2, "change_message": "[{\"changed\": {\"fields\": [\"Email\", \"Phone\", \"Group\"]}}]"}}, {"model": "admin.logentry", "pk": 71, "fields": {"action_time": "2024-03-11T15:45:28.883Z", "user": 1, "content_type": 8, "object_id": "9", "object_repr": "Parent Cutarescu Andrei", "action_flag": 3, "change_message": ""}}, {"model": "admin.logentry", "pk": 72, "fields": {"action_time": "2024-03-11T15:45:36.043Z", "user": 1, "content_type": 4, "object_id": "4", "object_repr": "cutarescu_andrei", "action_flag": 3, "change_message": ""}}, {"model": "admin.logentry", "pk": 73, "fields": {"action_time": "2024-03-11T15:45:50.893Z", "user": 1, "content_type": 8, "object_id": "8", "object_repr": "Parent Tudor Iulia", "action_flag": 2, "change_message": "[]"}}, {"model": "admin.logentry", "pk": 74, "fields": {"action_time": "2024-03-11T15:46:08.059Z", "user": 1, "content_type": 8, "object_id": "6", "object_repr": "Parent Coman Andrei", "action_flag": 2, "change_message": "[{\"changed\": {\"fields\": [\"Email\", \"Phone\", \"Group\"]}}]"}}, {"model": "admin.logentry", "pk": 75, "fields": {"action_time": "2024-03-11T15:46:20.593Z", "user": 1, "content_type": 8, "object_id": "5", "object_repr": "Parent Coman Iulia", "action_flag": 2, "change_message": "[{\"changed\": {\"fields\": [\"Email\", \"Phone\", \"Group\"]}}]"}}, {"model": "admin.logentry", "pk": 76, "fields": {"action_time": "2024-03-11T15:46:36.668Z", "user": 1, "content_type": 8, "object_id": "4", "object_repr": "Parent Popescu Iulia", "action_flag": 2, "change_message": "[{\"changed\": {\"fields\": [\"Email\", \"Phone\", \"Group\"]}}]"}}, {"model": "admin.logentry", "pk": 77, "fields": {"action_time": "2024-03-11T15:46:51.317Z", "user": 1, "content_type": 8, "object_id": "3", "object_repr": "Parent Popescu Adrian", "action_flag": 2, "change_message": "[{\"changed\": {\"fields\": [\"Email\", \"Phone\", \"Group\"]}}]"}}, {"model": "admin.logentry", "pk": 78, "fields": {"action_time": "2024-03-11T15:47:03.118Z", "user": 1, "content_type": 8, "object_id": "2", "object_repr": "Parent Escu Andrei", "action_flag": 2, "change_message": "[{\"changed\": {\"fields\": [\"Email\", \"Phone\", \"Group\"]}}]"}}, {"model": "admin.logentry", "pk": 79, "fields": {"action_time": "2024-03-11T15:47:14.922Z", "user": 1, "content_type": 8, "object_id": "1", "object_repr": "Parent Escu Georgiana", "action_flag": 2, "change_message": "[{\"changed\": {\"fields\": [\"Email\", \"Phone\", \"Group\"]}}]"}}, {"model": "admin.logentry", "pk": 80, "fields": {"action_time": "2024-03-11T15:47:27.562Z", "user": 1, "content_type": 14, "object_id": "4", "object_repr": "Teacher Chris Rock", "action_flag": 2, "change_message": "[{\"changed\": {\"fields\": [\"Phone\", \"Group\"]}}]"}}, {"model": "admin.logentry", "pk": 81, "fields": {"action_time": "2024-03-11T15:47:34.421Z", "user": 1, "content_type": 14, "object_id": "3", "object_repr": "Teacher John Smith", "action_flag": 2, "change_message": "[{\"changed\": {\"fields\": [\"Phone\", \"Group\"]}}]"}}, {"model": "admin.logentry", "pk": 82, "fields": {"action_time": "2024-03-11T15:47:41.142Z", "user": 1, "content_type": 14, "object_id": "2", "object_repr": "Teacher Jane Doe", "action_flag": 2, "change_message": "[{\"changed\": {\"fields\": [\"Phone\", \"Group\"]}}]"}}, {"model": "admin.logentry", "pk": 83, "fields": {"action_time": "2024-03-11T15:47:47.588Z", "user": 1, "content_type": 14, "object_id": "1", "object_repr": "Teacher Drinceanu Iulia", "action_flag": 2, "change_message": "[{\"changed\": {\"fields\": [\"Phone\", \"Group\"]}}]"}}, {"model": "admin.logentry", "pk": 84, "fields": {"action_time": "2024-03-11T15:49:38.181Z", "user": 1, "content_type": 16, "object_id": "4", "object_repr": "Student Escu Junior got 7 in Math", "action_flag": 1, "change_message": "[{\"added\": {}}]"}}, {"model": "admin.logentry", "pk": 85, "fields": {"action_time": "2024-03-11T15:49:54.605Z", "user": 1, "content_type": 16, "object_id": "5", "object_repr": "Student Escu Junior got 7 in Math", "action_flag": 1, "change_message": "[{\"added\": {}}]"}}, {"model": "admin.logentry", "pk": 86, "fields": {"action_time": "2024-03-11T18:51:56.806Z", "user": 1, "content_type": 14, "object_id": "4", "object_repr": "Teacher Chris Rock", "action_flag": 2, "change_message": "[{\"changed\": {\"fields\": [\"User\"]}}]"}}, {"model": "admin.logentry", "pk": 87, "fields": {"action_time": "2024-03-12T09:13:48.531Z", "user": 1, "content_type": 4, "object_id": "13", "object_repr": "chris_rock", "action_flag": 2, "change_message": "[{\"changed\": {\"fields\": [\"Groups\"]}}]"}}, {"model": "admin.logentry", "pk": 88, "fields": {"action_time": "2024-03-12T09:14:05.609Z", "user": 1, "content_type": 4, "object_id": "13", "object_repr": "chris_rock", "action_flag": 2, "change_message": "[{\"changed\": {\"fields\": [\"Groups\"]}}]"}}, {"model": "admin.logentry", "pk": 89, "fields": {"action_time": "2024-03-12T09:40:15.595Z", "user": 1, "content_type": 14, "object_id": "3", "object_repr": "Teacher John Smith", "action_flag": 2, "change_message": "[{\"changed\": {\"fields\": [\"User\"]}}]"}}, {"model": "admin.logentry", "pk": 90, "fields": {"action_time": "2024-03-12T09:46:55.661Z", "user": 1, "content_type": 4, "object_id": "17", "object_repr": "chris_rock_1", "action_flag": 3, "change_message": ""}}, {"model": "admin.logentry", "pk": 91, "fields": {"action_time": "2024-03-12T09:47:07.149Z", "user": 1, "content_type": 14, "object_id": "2", "object_repr": "Teacher Jane Doe", "action_flag": 2, "change_message": "[]"}}, {"model": "admin.logentry", "pk": 92, "fields": {"action_time": "2024-03-12T11:38:11.880Z", "user": 1, "content_type": 14, "object_id": "4", "object_repr": "Teacher Chris Rock", "action_flag": 2, "change_message": "[{\"changed\": {\"fields\": [\"User\"]}}]"}}, {"model": "admin.logentry", "pk": 93, "fields": {"action_time": "2024-03-12T11:38:30.913Z", "user": 1, "content_type": 4, "object_id": "20", "object_repr": "chris_rock_1", "action_flag": 3, "change_message": ""}}, {"model": "admin.logentry", "pk": 94, "fields": {"action_time": "2024-03-12T11:38:38.319Z", "user": 1, "content_type": 4, "object_id": "19", "object_repr": "jane_doe_1", "action_flag": 3, "change_message": ""}}, {"model": "admin.logentry", "pk": 95, "fields": {"action_time": "2024-03-12T11:38:44.393Z", "user": 1, "content_type": 4, "object_id": "18", "object_repr": "john_smith_1", "action_flag": 3, "change_message": ""}}, {"model": "admin.logentry", "pk": 96, "fields": {"action_time": "2024-03-12T11:39:11.464Z", "user": 1, "content_type": 14, "object_id": "3", "object_repr": "Teacher John Smith", "action_flag": 2, "change_message": "[{\"changed\": {\"fields\": [\"User\"]}}]"}}, {"model": "admin.logentry", "pk": 97, "fields": {"action_time": "2024-03-12T11:40:37.929Z", "user": 1, "content_type": 14, "object_id": "3", "object_repr": "Teacher John Smith", "action_flag": 2, "change_message": "[{\"changed\": {\"fields\": [\"User\"]}}]"}}, {"model": "admin.logentry", "pk": 98, "fields": {"action_time": "2024-03-12T11:41:33.476Z", "user": 1, "content_type": 4, "object_id": "14", "object_repr": "john_smith", "action_flag": 3, "change_message": ""}}, {"model": "admin.logentry", "pk": 99, "fields": {"action_time": "2024-03-12T11:41:33.513Z", "user": 1, "content_type": 4, "object_id": "21", "object_repr": "john_smith_1", "action_flag": 3, "change_message": ""}}, {"model": "admin.logentry", "pk": 100, "fields": {"action_time": "2024-03-12T11:41:33.527Z", "user": 1, "content_type": 4, "object_id": "22", "object_repr": "john_smith_2", "action_flag": 3, "change_message": ""}}, {"model": "admin.logentry", "pk": 101, "fields": {"action_time": "2024-03-12T11:43:30.681Z", "user": 1, "content_type": 14, "object_id": "3", "object_repr": "Teacher John Doe", "action_flag": 1, "change_message": "[{\"added\": {}}]"}}, {"model": "admin.logentry", "pk": 102, "fields": {"action_time": "2024-03-12T12:19:09.840Z", "user": 1, "content_type": 14, "object_id": "4", "object_repr": "Teacher adi adi", "action_flag": 1, "change_message": "[{\"added\": {}}]"}}, {"model": "admin.logentry", "pk": 103, "fields": {"action_time": "2024-03-12T12:25:02.172Z", "user": 1, "content_type": 14, "object_id": "4", "object_repr": "Teacher adi adi", "action_flag": 3, "change_message": ""}}, {"model": "admin.logentry", "pk": 104, "fields": {"action_time": "2024-03-12T12:25:08.409Z", "user": 1, "content_type": 4, "object_id": "24", "object_repr": "adi_adi", "action_flag": 3, "change_message": ""}}, {"model": "admin.logentry", "pk": 105, "fields": {"action_time": "2024-03-12T12:25:23.094Z", "user": 1, "content_type": 14, "object_id": "5", "object_repr": "Teacher adi adi", "action_flag": 1, "change_message": "[{\"added\": {}}]"}}, {"model": "admin.logentry", "pk": 106, "fields": {"action_time": "2024-03-12T12:34:03.494Z", "user": 1, "content_type": 12, "object_id": "7", "object_repr": "Student adrian adrian", "action_flag": 1, "change_message": "[{\"added\": {}}]"}}, {"model": "admin.logentry", "pk": 107, "fields": {"action_time": "2024-03-12T12:35:46.712Z", "user": 1, "content_type": 12, "object_id": "7", "object_repr": "Student adrian adrian", "action_flag": 2, "change_message": "[]"}}, {"model": "admin.logentry", "pk": 108, "fields": {"action_time": "2024-03-12T12:36:22.638Z", "user": 1, "content_type": 4, "object_id": "26", "object_repr": "adrian_adrian", "action_flag": 3, "change_message": ""}}, {"model": "admin.logentry", "pk": 109, "fields": {"action_time": "2024-03-12T12:36:22.662Z", "user": 1, "content_type": 4, "object_id": "27", "object_repr": "adrian_adrian_1", "action_flag": 3, "change_message": ""}}, {"model": "admin.logentry", "pk": 110, "fields": {"action_time": "2024-03-12T12:36:46.414Z", "user": 1, "content_type": 12, "object_id": "8", "object_repr": "Student adrian adrian", "action_flag": 1, "change_message": "[{\"added\": {}}]"}}, {"model": "admin.logentry", "pk": 111, "fields": {"action_time": "2024-03-12T12:45:47.743Z", "user": 1, "content_type": 16, "object_id": "6", "object_repr": "Student adrian adrian got 10 in Math", "action_flag": 1, "change_message": "[{\"added\": {}}]"}}, {"model": "admin.logentry", "pk": 112, "fields": {"action_time": "2024-03-12T12:54:01.324Z", "user": 1, "content_type": 12, "object_id": "6", "object_repr": "Student Escu Junior", "action_flag": 2, "change_message": "[]"}}, {"model": "admin.logentry", "pk": 113, "fields": {"action_time": "2024-03-12T12:54:23.091Z", "user": 1, "content_type": 12, "object_id": "6", "object_repr": "Student Escu Junior", "action_flag": 2, "change_message": "[{\"changed\": {\"fields\": [\"Group\"]}}]"}}, {"model": "admin.logentry", "pk": 114, "fields": {"action_time": "2024-03-12T12:55:54.949Z", "user": 1, "content_type": 12, "object_id": "6", "object_repr": "Student Escu Junior", "action_flag": 2, "change_message": "[]"}}, {"model": "admin.logentry", "pk": 115, "fields": {"action_time": "2024-03-12T12:56:12.343Z", "user": 1, "content_type": 12, "object_id": "6", "object_repr": "Student Escu Junior", "action_flag": 2, "change_message": "[{\"changed\": {\"fields\": [\"Teachers\"]}}]"}}, {"model": "admin.logentry", "pk": 116, "fields": {"action_time": "2024-03-12T12:56:38.649Z", "user": 1, "content_type": 12, "object_id": "6", "object_repr": "Student Escu Junior", "action_flag": 2, "change_message": "[{\"changed\": {\"fields\": [\"Group\"]}}]"}}, {"model": "admin.logentry", "pk": 117, "fields": {"action_time": "2024-03-12T12:56:49.641Z", "user": 1, "content_type": 4, "object_id": "29", "object_repr": "escu_junior_1", "action_flag": 2, "change_message": "[{\"changed\": {\"fields\": [\"Groups\"]}}]"}}, {"model": "admin.logentry", "pk": 118, "fields": {"action_time": "2024-03-12T13:02:57.464Z", "user": 1, "content_type": 12, "object_id": "9", "object_repr": "Student Ping Pong", "action_flag": 1, "change_message": "[{\"added\": {}}]"}}, {"model": "admin.logentry", "pk": 119, "fields": {"action_time": "2024-03-12T13:09:07.202Z", "user": 1, "content_type": 14, "object_id": "5", "object_repr": "Teacher adi adi", "action_flag": 2, "change_message": "[{\"changed\": {\"fields\": [\"Profile pic\"]}}]"}}, {"model": "admin.logentry", "pk": 120, "fields": {"action_time": "2024-03-12T13:09:52.392Z", "user": 1, "content_type": 12, "object_id": "8", "object_repr": "Student adrian adrian", "action_flag": 2, "change_message": "[{\"changed\": {\"fields\": [\"Profile pic\"]}}]"}}, {"model": "admin.logentry", "pk": 121, "fields": {"action_time": "2024-03-12T13:44:56.262Z", "user": 1, "content_type": 14, "object_id": "5", "object_repr": "Teacher adi adi", "action_flag": 2, "change_message": "[{\"changed\": {\"fields\": [\"Profile pic\"]}}]"}}, {"model": "admin.logentry", "pk": 122, "fields": {"action_time": "2024-03-12T13:55:10.409Z", "user": 1, "content_type": 14, "object_id": "5", "object_repr": "Teacher adi adi", "action_flag": 2, "change_message": "[{\"changed\": {\"fields\": [\"Profile pic\"]}}]"}}, {"model": "admin.logentry", "pk": 123, "fields": {"action_time": "2024-03-12T14:15:14.928Z", "user": 1, "content_type": 12, "object_id": "8", "object_repr": "Student adrian adrian", "action_flag": 2, "change_message": "[{\"changed\": {\"fields\": [\"Profile pic\"]}}]"}}, {"model": "admin.logentry", "pk": 124, "fields": {"action_time": "2024-03-12T14:15:29.423Z", "user": 1, "content_type": 12, "object_id": "6", "object_repr": "Student Escu Junior", "action_flag": 2, "change_message": "[{\"changed\": {\"fields\": [\"Profile pic\"]}}]"}}, {"model": "admin.logentry", "pk": 125, "fields": {"action_time": "2024-03-12T14:20:11.163Z", "user": 1, "content_type": 12, "object_id": "9", "object_repr": "Student Ping Pong", "action_flag": 2, "change_message": "[{\"changed\": {\"fields\": [\"Profile pic\"]}}]"}}, {"model": "admin.logentry", "pk": 126, "fields": {"action_time": "2024-03-12T14:21:10.067Z", "user": 1, "content_type": 12, "object_id": "8", "object_repr": "Student adrian adrian", "action_flag": 2, "change_message": "[{\"changed\": {\"fields\": [\"Teachers\"]}}]"}}, {"model": "admin.logentry", "pk": 127, "fields": {"action_time": "2024-03-12T15:30:10.256Z", "user": 1, "content_type": 12, "object_id": "6", "object_repr": "Student Escu Junior", "action_flag": 2, "change_message": "[{\"changed\": {\"fields\": [\"Profile pic\"]}}]"}}, {"model": "admin.logentry", "pk": 128, "fields": {"action_time": "2024-03-12T18:37:04.038Z", "user": 1, "content_type": 12, "object_id": "9", "object_repr": "Student Ping Pong", "action_flag": 2, "change_message": "[{\"changed\": {\"fields\": [\"Parents\"]}}]"}}, {"model": "admin.logentry", "pk": 129, "fields": {"action_time": "2024-03-12T19:03:43.500Z", "user": 1, "content_type": 14, "object_id": "5", "object_repr": "Teacher adi adi", "action_flag": 2, "change_message": "[{\"changed\": {\"fields\": [\"Subjects\"]}}]"}}, {"model": "admin.logentry", "pk": 130, "fields": {"action_time": "2024-03-18T11:17:32.325Z", "user": 1, "content_type": 18, "object_id": "108", "object_repr": "adrian_adrian", "action_flag": 3, "change_message": ""}}, {"model": "admin.logentry", "pk": 131, "fields": {"action_time": "2024-03-18T11:17:32.373Z", "user": 1, "content_type": 18, "object_id": "107", "object_repr": "adrian_adrian", "action_flag": 3, "change_message": ""}}, {"model": "admin.logentry", "pk": 132, "fields": {"action_time": "2024-03-18T11:17:32.387Z", "user": 1, "content_type": 18, "object_id": "106", "object_repr": "adrian_adrian", "action_flag": 3, "change_message": ""}}, {"model": "admin.logentry", "pk": 133, "fields": {"action_time": "2024-03-18T11:17:32.399Z", "user": 1, "content_type": 18, "object_id": "105", "object_repr": "adrian_adrian", "action_flag": 3, "change_message": ""}}, {"model": "admin.logentry", "pk": 134, "fields": {"action_time": "2024-03-18T11:17:32.412Z", "user": 1, "content_type": 18, "object_id": "104", "object_repr": "adrian_adrian", "action_flag": 3, "change_message": ""}}, {"model": "admin.logentry", "pk": 135, "fields": {"action_time": "2024-03-18T11:17:32.424Z", "user": 1, "content_type": 18, "object_id": "103", "object_repr": "adrian_adrian", "action_flag": 3, "change_message": ""}}, {"model": "admin.logentry", "pk": 136, "fields": {"action_time": "2024-03-18T11:17:32.436Z", "user": 1, "content_type": 18, "object_id": "102", "object_repr": "adrian_adrian", "action_flag": 3, "change_message": ""}}, {"model": "admin.logentry", "pk": 137, "fields": {"action_time": "2024-03-18T11:17:32.448Z", "user": 1, "content_type": 18, "object_id": "101", "object_repr": "adrian_adrian", "action_flag": 3, "change_message": ""}}, {"model": "admin.logentry", "pk": 138, "fields": {"action_time": "2024-03-18T11:17:32.459Z", "user": 1, "content_type": 18, "object_id": "100", "object_repr": "adrian_adrian", "action_flag": 3, "change_message": ""}}, {"model": "admin.logentry", "pk": 139, "fields": {"action_time": "2024-03-18T11:17:32.471Z", "user": 1, "content_type": 18, "object_id": "99", "object_repr": "adrian_adrian", "action_flag": 3, "change_message": ""}}, {"model": "admin.logentry", "pk": 140, "fields": {"action_time": "2024-03-18T11:17:32.482Z", "user": 1, "content_type": 18, "object_id": "98", "object_repr": "adrian_adrian", "action_flag": 3, "change_message": ""}}, {"model": "admin.logentry", "pk": 141, "fields": {"action_time": "2024-03-18T11:17:32.494Z", "user": 1, "content_type": 18, "object_id": "97", "object_repr": "adrian_adrian", "action_flag": 3, "change_message": ""}}, {"model": "admin.logentry", "pk": 142, "fields": {"action_time": "2024-03-18T11:17:32.506Z", "user": 1, "content_type": 18, "object_id": "96", "object_repr": "adrian_adrian", "action_flag": 3, "change_message": ""}}, {"model": "admin.logentry", "pk": 143, "fields": {"action_time": "2024-03-18T11:17:32.517Z", "user": 1, "content_type": 18, "object_id": "95", "object_repr": "ping_pong", "action_flag": 3, "change_message": ""}}, {"model": "admin.logentry", "pk": 144, "fields": {"action_time": "2024-03-18T11:17:32.529Z", "user": 1, "content_type": 18, "object_id": "94", "object_repr": "ping_pong", "action_flag": 3, "change_message": ""}}, {"model": "admin.logentry", "pk": 145, "fields": {"action_time": "2024-03-18T11:17:32.540Z", "user": 1, "content_type": 18, "object_id": "93", "object_repr": "adrian_adrian", "action_flag": 3, "change_message": ""}}, {"model": "admin.logentry", "pk": 146, "fields": {"action_time": "2024-03-18T11:17:32.551Z", "user": 1, "content_type": 18, "object_id": "92", "object_repr": "adrian_adrian", "action_flag": 3, "change_message": ""}}, {"model": "admin.logentry", "pk": 147, "fields": {"action_time": "2024-03-18T11:17:32.564Z", "user": 1, "content_type": 18, "object_id": "91", "object_repr": "adrian_adrian", "action_flag": 3, "change_message": ""}}, {"model": "admin.logentry", "pk": 148, "fields": {"action_time": "2024-03-18T11:17:32.577Z", "user": 1, "content_type": 18, "object_id": "90", "object_repr": "adrian_adrian", "action_flag": 3, "change_message": ""}}, {"model": "admin.logentry", "pk": 149, "fields": {"action_time": "2024-03-18T11:17:32.588Z", "user": 1, "content_type": 18, "object_id": "89", "object_repr": "adrian_adrian", "action_flag": 3, "change_message": ""}}, {"model": "admin.logentry", "pk": 150, "fields": {"action_time": "2024-03-18T11:17:32.600Z", "user": 1, "content_type": 18, "object_id": "88", "object_repr": "ping_pong", "action_flag": 3, "change_message": ""}}, {"model": "admin.logentry", "pk": 151, "fields": {"action_time": "2024-03-18T11:17:32.612Z", "user": 1, "content_type": 18, "object_id": "87", "object_repr": "adrian_adrian", "action_flag": 3, "change_message": ""}}, {"model": "admin.logentry", "pk": 152, "fields": {"action_time": "2024-03-18T11:17:32.625Z", "user": 1, "content_type": 18, "object_id": "86", "object_repr": "adrian_adrian", "action_flag": 3, "change_message": ""}}, {"model": "admin.logentry", "pk": 153, "fields": {"action_time": "2024-03-18T11:17:32.636Z", "user": 1, "content_type": 18, "object_id": "85", "object_repr": "adrian_adrian", "action_flag": 3, "change_message": ""}}, {"model": "admin.logentry", "pk": 154, "fields": {"action_time": "2024-03-18T11:17:32.648Z", "user": 1, "content_type": 18, "object_id": "84", "object_repr": "ping_pong", "action_flag": 3, "change_message": ""}}, {"model": "admin.logentry", "pk": 155, "fields": {"action_time": "2024-03-18T11:17:32.660Z", "user": 1, "content_type": 18, "object_id": "83", "object_repr": "ping_pong", "action_flag": 3, "change_message": ""}}, {"model": "admin.logentry", "pk": 156, "fields": {"action_time": "2024-03-18T11:17:32.671Z", "user": 1, "content_type": 18, "object_id": "82", "object_repr": "adrian_adrian", "action_flag": 3, "change_message": ""}}, {"model": "admin.logentry", "pk": 157, "fields": {"action_time": "2024-03-18T11:17:32.686Z", "user": 1, "content_type": 18, "object_id": "81", "object_repr": "adrian_adrian", "action_flag": 3, "change_message": ""}}, {"model": "admin.logentry", "pk": 158, "fields": {"action_time": "2024-03-18T11:17:32.698Z", "user": 1, "content_type": 18, "object_id": "80", "object_repr": "ping_pong", "action_flag": 3, "change_message": ""}}, {"model": "admin.logentry", "pk": 159, "fields": {"action_time": "2024-03-18T11:17:32.710Z", "user": 1, "content_type": 18, "object_id": "79", "object_repr": "ping_pong", "action_flag": 3, "change_message": ""}}, {"model": "admin.logentry", "pk": 160, "fields": {"action_time": "2024-03-18T11:17:32.721Z", "user": 1, "content_type": 18, "object_id": "78", "object_repr": "adrian_adrian", "action_flag": 3, "change_message": ""}}, {"model": "admin.logentry", "pk": 161, "fields": {"action_time": "2024-03-18T11:17:32.732Z", "user": 1, "content_type": 18, "object_id": "77", "object_repr": "adrian_adrian", "action_flag": 3, "change_message": ""}}, {"model": "admin.logentry", "pk": 162, "fields": {"action_time": "2024-03-18T11:17:32.744Z", "user": 1, "content_type": 18, "object_id": "76", "object_repr": "adrian_adrian", "action_flag": 3, "change_message": ""}}, {"model": "admin.logentry", "pk": 163, "fields": {"action_time": "2024-03-18T11:17:32.755Z", "user": 1, "content_type": 18, "object_id": "75", "object_repr": "adrian_adrian", "action_flag": 3, "change_message": ""}}, {"model": "admin.logentry", "pk": 164, "fields": {"action_time": "2024-03-18T11:17:32.768Z", "user": 1, "content_type": 18, "object_id": "74", "object_repr": "adrian_adrian", "action_flag": 3, "change_message": ""}}, {"model": "admin.logentry", "pk": 165, "fields": {"action_time": "2024-03-18T11:17:32.783Z", "user": 1, "content_type": 18, "object_id": "73", "object_repr": "adrian_adrian", "action_flag": 3, "change_message": ""}}, {"model": "admin.logentry", "pk": 166, "fields": {"action_time": "2024-03-18T11:17:32.795Z", "user": 1, "content_type": 18, "object_id": "72", "object_repr": "adrian_adrian", "action_flag": 3, "change_message": ""}}, {"model": "admin.logentry", "pk": 167, "fields": {"action_time": "2024-03-18T11:17:32.809Z", "user": 1, "content_type": 18, "object_id": "71", "object_repr": "adrian_adrian", "action_flag": 3, "change_message": ""}}, {"model": "admin.logentry", "pk": 168, "fields": {"action_time": "2024-03-18T11:17:32.821Z", "user": 1, "content_type": 18, "object_id": "70", "object_repr": "adrian_adrian", "action_flag": 3, "change_message": ""}}, {"model": "admin.logentry", "pk": 169, "fields": {"action_time": "2024-03-18T11:17:32.834Z", "user": 1, "content_type": 18, "object_id": "69", "object_repr": "adrian_adrian", "action_flag": 3, "change_message": ""}}, {"model": "admin.logentry", "pk": 170, "fields": {"action_time": "2024-03-18T11:17:32.847Z", "user": 1, "content_type": 18, "object_id": "68", "object_repr": "adrian_adrian", "action_flag": 3, "change_message": ""}}, {"model": "admin.logentry", "pk": 171, "fields": {"action_time": "2024-03-18T11:17:32.861Z", "user": 1, "content_type": 18, "object_id": "67", "object_repr": "adrian_adrian", "action_flag": 3, "change_message": ""}}, {"model": "admin.logentry", "pk": 172, "fields": {"action_time": "2024-03-18T11:17:32.874Z", "user": 1, "content_type": 18, "object_id": "66", "object_repr": "adrian_adrian", "action_flag": 3, "change_message": ""}}, {"model": "admin.logentry", "pk": 173, "fields": {"action_time": "2024-03-18T11:17:32.887Z", "user": 1, "content_type": 18, "object_id": "65", "object_repr": "adrian_adrian", "action_flag": 3, "change_message": ""}}, {"model": "admin.logentry", "pk": 174, "fields": {"action_time": "2024-03-18T11:17:32.905Z", "user": 1, "content_type": 18, "object_id": "64", "object_repr": "ping_pong", "action_flag": 3, "change_message": ""}}, {"model": "admin.logentry", "pk": 175, "fields": {"action_time": "2024-03-18T11:17:32.922Z", "user": 1, "content_type": 18, "object_id": "63", "object_repr": "adrian_adrian", "action_flag": 3, "change_message": ""}}, {"model": "admin.logentry", "pk": 176, "fields": {"action_time": "2024-03-18T11:17:32.936Z", "user": 1, "content_type": 18, "object_id": "62", "object_repr": "escu_junior_1", "action_flag": 3, "change_message": ""}}, {"model": "admin.logentry", "pk": 177, "fields": {"action_time": "2024-03-18T11:17:32.949Z", "user": 1, "content_type": 18, "object_id": "61", "object_repr": "adrian_adrian", "action_flag": 3, "change_message": ""}}, {"model": "admin.logentry", "pk": 178, "fields": {"action_time": "2024-03-18T11:17:32.961Z", "user": 1, "content_type": 18, "object_id": "60", "object_repr": "adrian_adrian", "action_flag": 3, "change_message": ""}}, {"model": "admin.logentry", "pk": 179, "fields": {"action_time": "2024-03-18T11:17:32.973Z", "user": 1, "content_type": 18, "object_id": "59", "object_repr": "adrian_adrian", "action_flag": 3, "change_message": ""}}, {"model": "admin.logentry", "pk": 180, "fields": {"action_time": "2024-03-18T11:17:32.987Z", "user": 1, "content_type": 18, "object_id": "58", "object_repr": "escu_junior_1", "action_flag": 3, "change_message": ""}}, {"model": "admin.logentry", "pk": 181, "fields": {"action_time": "2024-03-18T11:17:33.001Z", "user": 1, "content_type": 18, "object_id": "57", "object_repr": "adrian_adrian", "action_flag": 3, "change_message": ""}}, {"model": "admin.logentry", "pk": 182, "fields": {"action_time": "2024-03-18T11:17:33.016Z", "user": 1, "content_type": 18, "object_id": "56", "object_repr": "adrian_adrian", "action_flag": 3, "change_message": ""}}, {"model": "admin.logentry", "pk": 183, "fields": {"action_time": "2024-03-18T11:17:33.029Z", "user": 1, "content_type": 18, "object_id": "55", "object_repr": "escu_junior_1", "action_flag": 3, "change_message": ""}}, {"model": "admin.logentry", "pk": 184, "fields": {"action_time": "2024-03-18T11:17:33.041Z", "user": 1, "content_type": 18, "object_id": "54", "object_repr": "escu_junior_1", "action_flag": 3, "change_message": ""}}, {"model": "admin.logentry", "pk": 185, "fields": {"action_time": "2024-03-18T11:17:33.053Z", "user": 1, "content_type": 18, "object_id": "53", "object_repr": "escu_junior_1", "action_flag": 3, "change_message": ""}}, {"model": "admin.logentry", "pk": 186, "fields": {"action_time": "2024-03-18T11:17:33.066Z", "user": 1, "content_type": 18, "object_id": "52", "object_repr": "adrian_adrian", "action_flag": 3, "change_message": ""}}, {"model": "admin.logentry", "pk": 187, "fields": {"action_time": "2024-03-18T11:17:33.079Z", "user": 1, "content_type": 18, "object_id": "51", "object_repr": "escu_junior_1", "action_flag": 3, "change_message": ""}}, {"model": "admin.logentry", "pk": 188, "fields": {"action_time": "2024-03-18T11:17:33.091Z", "user": 1, "content_type": 18, "object_id": "50", "object_repr": "escu_junior_1", "action_flag": 3, "change_message": ""}}, {"model": "admin.logentry", "pk": 189, "fields": {"action_time": "2024-03-18T11:17:33.102Z", "user": 1, "content_type": 18, "object_id": "49", "object_repr": "escu_junior_1", "action_flag": 3, "change_message": ""}}, {"model": "admin.logentry", "pk": 190, "fields": {"action_time": "2024-03-18T11:17:33.115Z", "user": 1, "content_type": 18, "object_id": "48", "object_repr": "escu_junior_1", "action_flag": 3, "change_message": ""}}, {"model": "admin.logentry", "pk": 191, "fields": {"action_time": "2024-03-18T11:17:33.128Z", "user": 1, "content_type": 18, "object_id": "47", "object_repr": "escu_junior_1", "action_flag": 3, "change_message": ""}}, {"model": "admin.logentry", "pk": 192, "fields": {"action_time": "2024-03-18T11:17:33.140Z", "user": 1, "content_type": 18, "object_id": "46", "object_repr": "adrian_adrian", "action_flag": 3, "change_message": ""}}, {"model": "admin.logentry", "pk": 193, "fields": {"action_time": "2024-03-18T11:17:33.152Z", "user": 1, "content_type": 18, "object_id": "45", "object_repr": "adrian_adrian", "action_flag": 3, "change_message": ""}}, {"model": "admin.logentry", "pk": 194, "fields": {"action_time": "2024-03-18T11:17:33.163Z", "user": 1, "content_type": 18, "object_id": "44", "object_repr": "adrian_adrian", "action_flag": 3, "change_message": ""}}, {"model": "admin.logentry", "pk": 195, "fields": {"action_time": "2024-03-18T11:17:33.175Z", "user": 1, "content_type": 18, "object_id": "43", "object_repr": "escu_junior_1", "action_flag": 3, "change_message": ""}}, {"model": "admin.logentry", "pk": 196, "fields": {"action_time": "2024-03-18T11:17:33.187Z", "user": 1, "content_type": 18, "object_id": "42", "object_repr": "adrian_adrian", "action_flag": 3, "change_message": ""}}, {"model": "admin.logentry", "pk": 197, "fields": {"action_time": "2024-03-18T11:17:33.199Z", "user": 1, "content_type": 18, "object_id": "41", "object_repr": "adrian_adrian", "action_flag": 3, "change_message": ""}}, {"model": "admin.logentry", "pk": 198, "fields": {"action_time": "2024-03-18T11:17:33.213Z", "user": 1, "content_type": 18, "object_id": "40", "object_repr": "adrian_adrian", "action_flag": 3, "change_message": ""}}, {"model": "admin.logentry", "pk": 199, "fields": {"action_time": "2024-03-18T11:17:33.225Z", "user": 1, "content_type": 18, "object_id": "39", "object_repr": "adrian_adrian", "action_flag": 3, "change_message": ""}}, {"model": "admin.logentry", "pk": 200, "fields": {"action_time": "2024-03-18T11:17:33.237Z", "user": 1, "content_type": 18, "object_id": "38", "object_repr": "adrian_adrian", "action_flag": 3, "change_message": ""}}, {"model": "admin.logentry", "pk": 201, "fields": {"action_time": "2024-03-18T11:17:33.249Z", "user": 1, "content_type": 18, "object_id": "37", "object_repr": "adrian_adrian", "action_flag": 3, "change_message": ""}}, {"model": "admin.logentry", "pk": 202, "fields": {"action_time": "2024-03-18T11:17:33.261Z", "user": 1, "content_type": 18, "object_id": "36", "object_repr": "adrian_adrian", "action_flag": 3, "change_message": ""}}, {"model": "admin.logentry", "pk": 203, "fields": {"action_time": "2024-03-18T11:17:33.273Z", "user": 1, "content_type": 18, "object_id": "35", "object_repr": "adrian_adrian", "action_flag": 3, "change_message": ""}}, {"model": "admin.logentry", "pk": 204, "fields": {"action_time": "2024-03-18T11:17:33.284Z", "user": 1, "content_type": 18, "object_id": "34", "object_repr": "adrian_adrian", "action_flag": 3, "change_message": ""}}, {"model": "admin.logentry", "pk": 205, "fields": {"action_time": "2024-03-18T11:17:33.296Z", "user": 1, "content_type": 18, "object_id": "33", "object_repr": "adrian_adrian", "action_flag": 3, "change_message": ""}}, {"model": "admin.logentry", "pk": 206, "fields": {"action_time": "2024-03-18T11:17:33.307Z", "user": 1, "content_type": 18, "object_id": "32", "object_repr": "adrian_adrian", "action_flag": 3, "change_message": ""}}, {"model": "admin.logentry", "pk": 207, "fields": {"action_time": "2024-03-18T11:17:33.319Z", "user": 1, "content_type": 18, "object_id": "31", "object_repr": "adrian_adrian", "action_flag": 3, "change_message": ""}}, {"model": "admin.logentry", "pk": 208, "fields": {"action_time": "2024-03-18T11:17:33.331Z", "user": 1, "content_type": 18, "object_id": "30", "object_repr": "adrian_adrian", "action_flag": 3, "change_message": ""}}, {"model": "admin.logentry", "pk": 209, "fields": {"action_time": "2024-03-18T11:17:33.343Z", "user": 1, "content_type": 18, "object_id": "29", "object_repr": "adrian_adrian", "action_flag": 3, "change_message": ""}}, {"model": "admin.logentry", "pk": 210, "fields": {"action_time": "2024-03-18T11:17:33.355Z", "user": 1, "content_type": 18, "object_id": "28", "object_repr": "adrian_adrian", "action_flag": 3, "change_message": ""}}, {"model": "admin.logentry", "pk": 211, "fields": {"action_time": "2024-03-18T11:17:33.368Z", "user": 1, "content_type": 18, "object_id": "27", "object_repr": "adrian_adrian", "action_flag": 3, "change_message": ""}}, {"model": "admin.logentry", "pk": 212, "fields": {"action_time": "2024-03-18T11:17:33.382Z", "user": 1, "content_type": 18, "object_id": "26", "object_repr": "adrian_adrian", "action_flag": 3, "change_message": ""}}, {"model": "admin.logentry", "pk": 213, "fields": {"action_time": "2024-03-18T11:17:33.394Z", "user": 1, "content_type": 18, "object_id": "25", "object_repr": "adrian_adrian", "action_flag": 3, "change_message": ""}}, {"model": "admin.logentry", "pk": 214, "fields": {"action_time": "2024-03-18T11:17:33.407Z", "user": 1, "content_type": 18, "object_id": "24", "object_repr": "adrian_adrian", "action_flag": 3, "change_message": ""}}, {"model": "admin.logentry", "pk": 215, "fields": {"action_time": "2024-03-18T11:17:33.421Z", "user": 1, "content_type": 18, "object_id": "23", "object_repr": "adrian_adrian", "action_flag": 3, "change_message": ""}}, {"model": "admin.logentry", "pk": 216, "fields": {"action_time": "2024-03-18T11:17:33.435Z", "user": 1, "content_type": 18, "object_id": "22", "object_repr": "adrian_adrian", "action_flag": 3, "change_message": ""}}, {"model": "admin.logentry", "pk": 217, "fields": {"action_time": "2024-03-18T11:17:33.447Z", "user": 1, "content_type": 18, "object_id": "21", "object_repr": "adrian_adrian", "action_flag": 3, "change_message": ""}}, {"model": "admin.logentry", "pk": 218, "fields": {"action_time": "2024-03-18T11:17:33.463Z", "user": 1, "content_type": 18, "object_id": "20", "object_repr": "adrian_adrian", "action_flag": 3, "change_message": ""}}, {"model": "admin.logentry", "pk": 219, "fields": {"action_time": "2024-03-18T11:17:33.476Z", "user": 1, "content_type": 18, "object_id": "19", "object_repr": "adrian_adrian", "action_flag": 3, "change_message": ""}}, {"model": "admin.logentry", "pk": 220, "fields": {"action_time": "2024-03-18T11:17:33.489Z", "user": 1, "content_type": 18, "object_id": "18", "object_repr": "adrian_adrian", "action_flag": 3, "change_message": ""}}, {"model": "admin.logentry", "pk": 221, "fields": {"action_time": "2024-03-18T11:17:33.501Z", "user": 1, "content_type": 18, "object_id": "17", "object_repr": "adrian_adrian", "action_flag": 3, "change_message": ""}}, {"model": "admin.logentry", "pk": 222, "fields": {"action_time": "2024-03-18T11:17:33.516Z", "user": 1, "content_type": 18, "object_id": "16", "object_repr": "adrian_adrian", "action_flag": 3, "change_message": ""}}, {"model": "admin.logentry", "pk": 223, "fields": {"action_time": "2024-03-18T11:17:33.534Z", "user": 1, "content_type": 18, "object_id": "15", "object_repr": "adrian_adrian", "action_flag": 3, "change_message": ""}}, {"model": "admin.logentry", "pk": 224, "fields": {"action_time": "2024-03-18T11:17:33.550Z", "user": 1, "content_type": 18, "object_id": "14", "object_repr": "adrian_adrian", "action_flag": 3, "change_message": ""}}, {"model": "admin.logentry", "pk": 225, "fields": {"action_time": "2024-03-18T11:17:33.565Z", "user": 1, "content_type": 18, "object_id": "13", "object_repr": "adrian_adrian", "action_flag": 3, "change_message": ""}}, {"model": "admin.logentry", "pk": 226, "fields": {"action_time": "2024-03-18T11:17:33.580Z", "user": 1, "content_type": 18, "object_id": "12", "object_repr": "adrian_adrian", "action_flag": 3, "change_message": ""}}, {"model": "admin.logentry", "pk": 227, "fields": {"action_time": "2024-03-18T11:17:33.594Z", "user": 1, "content_type": 18, "object_id": "11", "object_repr": "adrian_adrian", "action_flag": 3, "change_message": ""}}, {"model": "admin.logentry", "pk": 228, "fields": {"action_time": "2024-03-18T11:17:33.606Z", "user": 1, "content_type": 18, "object_id": "10", "object_repr": "adrian_adrian", "action_flag": 3, "change_message": ""}}, {"model": "admin.logentry", "pk": 229, "fields": {"action_time": "2024-03-18T11:17:33.618Z", "user": 1, "content_type": 18, "object_id": "9", "object_repr": "adrian_adrian", "action_flag": 3, "change_message": ""}}, {"model": "admin.logentry", "pk": 230, "fields": {"action_time": "2024-03-18T11:17:40.028Z", "user": 1, "content_type": 18, "object_id": "8", "object_repr": "adrian_adrian", "action_flag": 3, "change_message": ""}}, {"model": "admin.logentry", "pk": 231, "fields": {"action_time": "2024-03-18T11:17:40.047Z", "user": 1, "content_type": 18, "object_id": "7", "object_repr": "adrian_adrian", "action_flag": 3, "change_message": ""}}, {"model": "admin.logentry", "pk": 232, "fields": {"action_time": "2024-03-18T11:17:40.059Z", "user": 1, "content_type": 18, "object_id": "6", "object_repr": "adrian_adrian", "action_flag": 3, "change_message": ""}}, {"model": "admin.logentry", "pk": 233, "fields": {"action_time": "2024-03-18T11:17:40.072Z", "user": 1, "content_type": 18, "object_id": "5", "object_repr": "adrian_adrian", "action_flag": 3, "change_message": ""}}, {"model": "admin.logentry", "pk": 234, "fields": {"action_time": "2024-03-18T11:17:40.084Z", "user": 1, "content_type": 18, "object_id": "4", "object_repr": "adrian_adrian", "action_flag": 3, "change_message": ""}}, {"model": "admin.logentry", "pk": 235, "fields": {"action_time": "2024-03-18T11:17:40.097Z", "user": 1, "content_type": 18, "object_id": "3", "object_repr": "adrian_adrian", "action_flag": 3, "change_message": ""}}, {"model": "admin.logentry", "pk": 236, "fields": {"action_time": "2024-03-18T11:17:40.112Z", "user": 1, "content_type": 18, "object_id": "2", "object_repr": "adrian_adrian", "action_flag": 3, "change_message": ""}}, {"model": "admin.logentry", "pk": 237, "fields": {"action_time": "2024-03-18T11:17:40.125Z", "user": 1, "content_type": 18, "object_id": "1", "object_repr": "adrian_adrian", "action_flag": 3, "change_message": ""}}, {"model": "admin.logentry", "pk": 238, "fields": {"action_time": "2024-03-18T13:22:55.832Z", "user": 1, "content_type": 18, "object_id": "167", "object_repr": "adrian_adrian", "action_flag": 3, "change_message": ""}}, {"model": "admin.logentry", "pk": 239, "fields": {"action_time": "2024-03-18T13:22:55.867Z", "user": 1, "content_type": 18, "object_id": "166", "object_repr": "adrian_adrian", "action_flag": 3, "change_message": ""}}, {"model": "admin.logentry", "pk": 240, "fields": {"action_time": "2024-03-18T13:22:55.886Z", "user": 1, "content_type": 18, "object_id": "165", "object_repr": "adrian_adrian", "action_flag": 3, "change_message": ""}}, {"model": "admin.logentry", "pk": 241, "fields": {"action_time": "2024-03-18T13:22:55.899Z", "user": 1, "content_type": 18, "object_id": "164", "object_repr": "adrian_adrian", "action_flag": 3, "change_message": ""}}, {"model": "admin.logentry", "pk": 242, "fields": {"action_time": "2024-03-18T13:22:55.910Z", "user": 1, "content_type": 18, "object_id": "163", "object_repr": "adrian_adrian", "action_flag": 3, "change_message": ""}}, {"model": "admin.logentry", "pk": 243, "fields": {"action_time": "2024-03-18T13:22:55.922Z", "user": 1, "content_type": 18, "object_id": "162", "object_repr": "adrian_adrian", "action_flag": 3, "change_message": ""}}, {"model": "admin.logentry", "pk": 244, "fields": {"action_time": "2024-03-18T13:22:55.933Z", "user": 1, "content_type": 18, "object_id": "161", "object_repr": "adrian_adrian", "action_flag": 3, "change_message": ""}}, {"model": "admin.logentry", "pk": 245, "fields": {"action_time": "2024-03-18T13:22:55.945Z", "user": 1, "content_type": 18, "object_id": "160", "object_repr": "adrian_adrian", "action_flag": 3, "change_message": ""}}, {"model": "admin.logentry", "pk": 246, "fields": {"action_time": "2024-03-18T13:22:55.957Z", "user": 1, "content_type": 18, "object_id": "159", "object_repr": "adrian_adrian", "action_flag": 3, "change_message": ""}}, {"model": "admin.logentry", "pk": 247, "fields": {"action_time": "2024-03-18T13:22:55.972Z", "user": 1, "content_type": 18, "object_id": "158", "object_repr": "adrian_adrian", "action_flag": 3, "change_message": ""}}, {"model": "admin.logentry", "pk": 248, "fields": {"action_time": "2024-03-18T13:22:55.985Z", "user": 1, "content_type": 18, "object_id": "157", "object_repr": "adrian_adrian", "action_flag": 3, "change_message": ""}}, {"model": "admin.logentry", "pk": 249, "fields": {"action_time": "2024-03-18T13:22:55.997Z", "user": 1, "content_type": 18, "object_id": "156", "object_repr": "adrian_adrian", "action_flag": 3, "change_message": ""}}, {"model": "admin.logentry", "pk": 250, "fields": {"action_time": "2024-03-18T13:22:56.009Z", "user": 1, "content_type": 18, "object_id": "155", "object_repr": "ping_pong", "action_flag": 3, "change_message": ""}}, {"model": "admin.logentry", "pk": 251, "fields": {"action_time": "2024-03-18T13:22:56.021Z", "user": 1, "content_type": 18, "object_id": "154", "object_repr": "ping_pong", "action_flag": 3, "change_message": ""}}, {"model": "admin.logentry", "pk": 252, "fields": {"action_time": "2024-03-18T13:22:56.032Z", "user": 1, "content_type": 18, "object_id": "153", "object_repr": "adrian_adrian", "action_flag": 3, "change_message": ""}}, {"model": "admin.logentry", "pk": 253, "fields": {"action_time": "2024-03-18T13:22:56.043Z", "user": 1, "content_type": 18, "object_id": "152", "object_repr": "adrian_adrian", "action_flag": 3, "change_message": ""}}, {"model": "admin.logentry", "pk": 254, "fields": {"action_time": "2024-03-18T13:22:56.055Z", "user": 1, "content_type": 18, "object_id": "151", "object_repr": "adrian_adrian", "action_flag": 3, "change_message": ""}}, {"model": "admin.logentry", "pk": 255, "fields": {"action_time": "2024-03-18T13:22:56.066Z", "user": 1, "content_type": 18, "object_id": "150", "object_repr": "adrian_adrian", "action_flag": 3, "change_message": ""}}, {"model": "admin.logentry", "pk": 256, "fields": {"action_time": "2024-03-18T13:22:56.078Z", "user": 1, "content_type": 18, "object_id": "149", "object_repr": "adrian_adrian", "action_flag": 3, "change_message": ""}}, {"model": "admin.logentry", "pk": 257, "fields": {"action_time": "2024-03-18T13:22:56.092Z", "user": 1, "content_type": 18, "object_id": "148", "object_repr": "ping_pong", "action_flag": 3, "change_message": ""}}, {"model": "admin.logentry", "pk": 258, "fields": {"action_time": "2024-03-18T13:22:56.104Z", "user": 1, "content_type": 18, "object_id": "147", "object_repr": "adrian_adrian", "action_flag": 3, "change_message": ""}}, {"model": "admin.logentry", "pk": 259, "fields": {"action_time": "2024-03-18T13:22:56.116Z", "user": 1, "content_type": 18, "object_id": "146", "object_repr": "adrian_adrian", "action_flag": 3, "change_message": ""}}, {"model": "admin.logentry", "pk": 260, "fields": {"action_time": "2024-03-18T13:22:56.127Z", "user": 1, "content_type": 18, "object_id": "145", "object_repr": "ping_pong", "action_flag": 3, "change_message": ""}}, {"model": "admin.logentry", "pk": 261, "fields": {"action_time": "2024-03-18T13:22:56.138Z", "user": 1, "content_type": 18, "object_id": "144", "object_repr": "adrian_adrian", "action_flag": 3, "change_message": ""}}, {"model": "admin.logentry", "pk": 262, "fields": {"action_time": "2024-03-18T13:22:56.149Z", "user": 1, "content_type": 18, "object_id": "143", "object_repr": "adrian_adrian", "action_flag": 3, "change_message": ""}}, {"model": "admin.logentry", "pk": 263, "fields": {"action_time": "2024-03-18T13:22:56.161Z", "user": 1, "content_type": 18, "object_id": "142", "object_repr": "ping_pong", "action_flag": 3, "change_message": ""}}, {"model": "admin.logentry", "pk": 264, "fields": {"action_time": "2024-03-18T13:22:56.172Z", "user": 1, "content_type": 18, "object_id": "141", "object_repr": "adrian_adrian", "action_flag": 3, "change_message": ""}}, {"model": "admin.logentry", "pk": 265, "fields": {"action_time": "2024-03-18T13:22:56.183Z", "user": 1, "content_type": 18, "object_id": "140", "object_repr": "adrian_adrian", "action_flag": 3, "change_message": ""}}, {"model": "admin.logentry", "pk": 266, "fields": {"action_time": "2024-03-18T13:22:56.195Z", "user": 1, "content_type": 18, "object_id": "139", "object_repr": "ping_pong", "action_flag": 3, "change_message": ""}}, {"model": "admin.logentry", "pk": 267, "fields": {"action_time": "2024-03-18T13:22:56.205Z", "user": 1, "content_type": 18, "object_id": "138", "object_repr": "adrian_adrian", "action_flag": 3, "change_message": ""}}, {"model": "admin.logentry", "pk": 268, "fields": {"action_time": "2024-03-18T13:22:56.216Z", "user": 1, "content_type": 18, "object_id": "137", "object_repr": "adrian_adrian", "action_flag": 3, "change_message": ""}}, {"model": "admin.logentry", "pk": 269, "fields": {"action_time": "2024-03-18T13:22:56.227Z", "user": 1, "content_type": 18, "object_id": "136", "object_repr": "ping_pong", "action_flag": 3, "change_message": ""}}, {"model": "admin.logentry", "pk": 270, "fields": {"action_time": "2024-03-18T13:22:56.237Z", "user": 1, "content_type": 18, "object_id": "135", "object_repr": "adrian_adrian", "action_flag": 3, "change_message": ""}}, {"model": "admin.logentry", "pk": 271, "fields": {"action_time": "2024-03-18T13:22:56.249Z", "user": 1, "content_type": 18, "object_id": "134", "object_repr": "adrian_adrian", "action_flag": 3, "change_message": ""}}, {"model": "admin.logentry", "pk": 272, "fields": {"action_time": "2024-03-18T13:22:56.260Z", "user": 1, "content_type": 18, "object_id": "133", "object_repr": "adrian_adrian", "action_flag": 3, "change_message": ""}}, {"model": "admin.logentry", "pk": 273, "fields": {"action_time": "2024-03-18T13:22:56.269Z", "user": 1, "content_type": 18, "object_id": "132", "object_repr": "adrian_adrian", "action_flag": 3, "change_message": ""}}, {"model": "admin.logentry", "pk": 274, "fields": {"action_time": "2024-03-18T13:22:56.279Z", "user": 1, "content_type": 18, "object_id": "131", "object_repr": "adrian_adrian", "action_flag": 3, "change_message": ""}}, {"model": "admin.logentry", "pk": 275, "fields": {"action_time": "2024-03-18T13:22:56.291Z", "user": 1, "content_type": 18, "object_id": "130", "object_repr": "adrian_adrian", "action_flag": 3, "change_message": ""}}, {"model": "admin.logentry", "pk": 276, "fields": {"action_time": "2024-03-18T13:22:56.301Z", "user": 1, "content_type": 18, "object_id": "129", "object_repr": "ping_pong", "action_flag": 3, "change_message": ""}}, {"model": "admin.logentry", "pk": 277, "fields": {"action_time": "2024-03-18T13:22:56.311Z", "user": 1, "content_type": 18, "object_id": "128", "object_repr": "ping_pong", "action_flag": 3, "change_message": ""}}, {"model": "admin.logentry", "pk": 278, "fields": {"action_time": "2024-03-18T13:22:56.321Z", "user": 1, "content_type": 18, "object_id": "127", "object_repr": "adrian_adrian", "action_flag": 3, "change_message": ""}}, {"model": "admin.logentry", "pk": 279, "fields": {"action_time": "2024-03-18T13:22:56.330Z", "user": 1, "content_type": 18, "object_id": "126", "object_repr": "adrian_adrian", "action_flag": 3, "change_message": ""}}, {"model": "admin.logentry", "pk": 280, "fields": {"action_time": "2024-03-18T13:22:56.341Z", "user": 1, "content_type": 18, "object_id": "125", "object_repr": "adrian_adrian", "action_flag": 3, "change_message": ""}}, {"model": "admin.logentry", "pk": 281, "fields": {"action_time": "2024-03-18T13:22:56.352Z", "user": 1, "content_type": 18, "object_id": "124", "object_repr": "ping_pong", "action_flag": 3, "change_message": ""}}, {"model": "admin.logentry", "pk": 282, "fields": {"action_time": "2024-03-18T13:22:56.363Z", "user": 1, "content_type": 18, "object_id": "123", "object_repr": "adrian_adrian", "action_flag": 3, "change_message": ""}}, {"model": "admin.logentry", "pk": 283, "fields": {"action_time": "2024-03-18T13:22:56.375Z", "user": 1, "content_type": 18, "object_id": "122", "object_repr": "adrian_adrian", "action_flag": 3, "change_message": ""}}, {"model": "admin.logentry", "pk": 284, "fields": {"action_time": "2024-03-18T13:22:56.386Z", "user": 1, "content_type": 18, "object_id": "121", "object_repr": "adrian_adrian", "action_flag": 3, "change_message": ""}}, {"model": "admin.logentry", "pk": 285, "fields": {"action_time": "2024-03-18T13:22:56.398Z", "user": 1, "content_type": 18, "object_id": "120", "object_repr": "adrian_adrian", "action_flag": 3, "change_message": ""}}, {"model": "admin.logentry", "pk": 286, "fields": {"action_time": "2024-03-18T13:22:56.409Z", "user": 1, "content_type": 18, "object_id": "119", "object_repr": "ping_pong", "action_flag": 3, "change_message": ""}}, {"model": "admin.logentry", "pk": 287, "fields": {"action_time": "2024-03-18T13:22:56.422Z", "user": 1, "content_type": 18, "object_id": "118", "object_repr": "ping_pong", "action_flag": 3, "change_message": ""}}, {"model": "admin.logentry", "pk": 288, "fields": {"action_time": "2024-03-18T13:22:56.433Z", "user": 1, "content_type": 18, "object_id": "117", "object_repr": "adrian_adrian", "action_flag": 3, "change_message": ""}}, {"model": "admin.logentry", "pk": 289, "fields": {"action_time": "2024-03-18T13:22:56.444Z", "user": 1, "content_type": 18, "object_id": "116", "object_repr": "adrian_adrian", "action_flag": 3, "change_message": ""}}, {"model": "admin.logentry", "pk": 290, "fields": {"action_time": "2024-03-18T13:22:56.456Z", "user": 1, "content_type": 18, "object_id": "115", "object_repr": "adrian_adrian", "action_flag": 3, "change_message": ""}}, {"model": "admin.logentry", "pk": 291, "fields": {"action_time": "2024-03-18T13:22:56.468Z", "user": 1, "content_type": 18, "object_id": "114", "object_repr": "adrian_adrian", "action_flag": 3, "change_message": ""}}, {"model": "admin.logentry", "pk": 292, "fields": {"action_time": "2024-03-18T13:22:56.480Z", "user": 1, "content_type": 18, "object_id": "113", "object_repr": "ping_pong", "action_flag": 3, "change_message": ""}}, {"model": "admin.logentry", "pk": 293, "fields": {"action_time": "2024-03-18T13:22:56.493Z", "user": 1, "content_type": 18, "object_id": "112", "object_repr": "ping_pong", "action_flag": 3, "change_message": ""}}, {"model": "admin.logentry", "pk": 294, "fields": {"action_time": "2024-03-18T13:22:56.508Z", "user": 1, "content_type": 18, "object_id": "111", "object_repr": "ping_pong", "action_flag": 3, "change_message": ""}}, {"model": "admin.logentry", "pk": 295, "fields": {"action_time": "2024-03-18T13:22:56.523Z", "user": 1, "content_type": 18, "object_id": "110", "object_repr": "ping_pong", "action_flag": 3, "change_message": ""}}, {"model": "admin.logentry", "pk": 296, "fields": {"action_time": "2024-03-18T13:22:56.536Z", "user": 1, "content_type": 18, "object_id": "109", "object_repr": "ping_pong", "action_flag": 3, "change_message": ""}}, {"model": "admin.logentry", "pk": 297, "fields": {"action_time": "2024-03-18T14:17:04.660Z", "user": 1, "content_type": 4, "object_id": "13", "object_repr": "chris_rock", "action_flag": 3, "change_message": ""}}, {"model": "admin.logentry", "pk": 298, "fields": {"action_time": "2024-03-19T07:38:49.626Z", "user": 1, "content_type": 14, "object_id": "6", "object_repr": "Teacher Coman Andrei", "action_flag": 1, "change_message": "[{\"added\": {}}]"}}, {"model": "admin.logentry", "pk": 299, "fields": {"action_time": "2024-03-19T07:43:19.698Z", "user": 1, "content_type": 8, "object_id": "9", "object_repr": "Parent Drinceanu Andrei", "action_flag": 1, "change_message": "[{\"added\": {}}]"}}, {"model": "admin.logentry", "pk": 300, "fields": {"action_time": "2024-03-19T07:44:19.496Z", "user": 1, "content_type": 8, "object_id": "10", "object_repr": "Parent Drinceanu Ana", "action_flag": 1, "change_message": "[{\"added\": {}}]"}}, {"model": "admin.logentry", "pk": 301, "fields": {"action_time": "2024-03-19T07:46:41.941Z", "user": 1, "content_type": 8, "object_id": "11", "object_repr": "Parent Popescu Ionut", "action_flag": 1, "change_message": "[{\"added\": {}}]"}}, {"model": "admin.logentry", "pk": 302, "fields": {"action_time": "2024-03-19T07:47:06.924Z", "user": 1, "content_type": 8, "object_id": "12", "object_repr": "Parent Popescu Ioana", "action_flag": 1, "change_message": "[{\"added\": {}}]"}}, {"model": "admin.logentry", "pk": 303, "fields": {"action_time": "2024-03-19T07:48:23.711Z", "user": 1, "content_type": 12, "object_id": "10", "object_repr": "Student Drinceanu Adrian", "action_flag": 1, "change_message": "[{\"added\": {}}]"}}, {"model": "admin.logentry", "pk": 304, "fields": {"action_time": "2024-03-19T07:49:33.330Z", "user": 1, "content_type": 12, "object_id": "11", "object_repr": "Student Popescu Gabriela", "action_flag": 1, "change_message": "[{\"added\": {}}]"}}, {"model": "admin.logentry", "pk": 305, "fields": {"action_time": "2024-03-19T07:50:06.247Z", "user": 1, "content_type": 4, "object_id": "7", "object_repr": "coman_andrei", "action_flag": 3, "change_message": ""}}, {"model": "admin.logentry", "pk": 306, "fields": {"action_time": "2024-03-19T07:50:06.274Z", "user": 1, "content_type": 4, "object_id": "31", "object_repr": "coman_andrei_1", "action_flag": 3, "change_message": ""}}, {"model": "admin.logentry", "pk": 307, "fields": {"action_time": "2024-03-19T07:50:32.923Z", "user": 1, "content_type": 14, "object_id": "7", "object_repr": "Teacher Coman Andrei", "action_flag": 1, "change_message": "[{\"added\": {}}]"}}, {"model": "admin.logentry", "pk": 308, "fields": {"action_time": "2024-03-19T07:50:51.002Z", "user": 1, "content_type": 12, "object_id": "10", "object_repr": "Student Drinceanu Adrian", "action_flag": 2, "change_message": "[{\"changed\": {\"fields\": [\"Teachers\"]}}]"}}, {"model": "admin.logentry", "pk": 309, "fields": {"action_time": "2024-03-19T07:50:59.941Z", "user": 1, "content_type": 12, "object_id": "11", "object_repr": "Student Popescu Gabriela", "action_flag": 2, "change_message": "[{\"changed\": {\"fields\": [\"Teachers\"]}}]"}}, {"model": "admin.logentry", "pk": 310, "fields": {"action_time": "2024-03-19T08:23:21.456Z", "user": 1, "content_type": 12, "object_id": "9", "object_repr": "Student Ping Pong", "action_flag": 3, "change_message": ""}}, {"model": "admin.logentry", "pk": 311, "fields": {"action_time": "2024-03-19T08:23:21.484Z", "user": 1, "content_type": 12, "object_id": "8", "object_repr": "Student adrian adrian", "action_flag": 3, "change_message": ""}}, {"model": "admin.logentry", "pk": 312, "fields": {"action_time": "2024-03-19T08:26:51.399Z", "user": 1, "content_type": 13, "object_id": "1", "object_repr": "Homework Python Homework", "action_flag": 2, "change_message": "[{\"changed\": {\"fields\": [\"Title\", \"Description\", \"Subject\", \"Students\"]}}]"}}, {"model": "admin.logentry", "pk": 313, "fields": {"action_time": "2024-03-19T08:40:28.735Z", "user": 1, "content_type": 13, "object_id": "1", "object_repr": "Homework Python Homework", "action_flag": 2, "change_message": "[{\"changed\": {\"fields\": [\"Description\"]}}]"}}, {"model": "admin.logentry", "pk": 314, "fields": {"action_time": "2024-03-19T09:13:19.827Z", "user": 1, "content_type": 13, "object_id": "1", "object_repr": "Homework Python Homework", "action_flag": 2, "change_message": "[{\"changed\": {\"fields\": [\"Is done\"]}}]"}}, {"model": "admin.logentry", "pk": 315, "fields": {"action_time": "2024-03-19T09:13:59.268Z", "user": 1, "content_type": 13, "object_id": "1", "object_repr": "Homework Python Homework", "action_flag": 2, "change_message": "[{\"changed\": {\"fields\": [\"Is done\"]}}]"}}, {"model": "admin.logentry", "pk": 316, "fields": {"action_time": "2024-03-19T12:11:19.053Z", "user": 1, "content_type": 12, "object_id": "12", "object_repr": "Student Tudor Iulian", "action_flag": 1, "change_message": "[{\"added\": {}}]"}}, {"model": "auth.permission", "pk": 1, "fields": {"name": "Can add log entry", "content_type": 1, "codename": "add_logentry"}}, {"model": "auth.permission", "pk": 2, "fields": {"name": "Can change log entry", "content_type": 1, "codename": "change_logentry"}}, {"model": "auth.permission", "pk": 3, "fields": {"name": "Can delete log entry", "content_type": 1, "codename": "delete_logentry"}}, {"model": "auth.permission", "pk": 4, "fields": {"name": "Can view log entry", "content_type": 1, "codename": "view_logentry"}}, {"model": "auth.permission", "pk": 5, "fields": {"name": "Can add permission", "content_type": 2, "codename": "add_permission"}}, {"model": "auth.permission", "pk": 6, "fields": {"name": "Can change permission", "content_type": 2, "codename": "change_permission"}}, {"model": "auth.permission", "pk": 7, "fields": {"name": "Can delete permission", "content_type": 2, "codename": "delete_permission"}}, {"model": "auth.permission", "pk": 8, "fields": {"name": "Can view permission", "content_type": 2, "codename": "view_permission"}}, {"model": "auth.permission", "pk": 9, "fields": {"name": "Can add group", "content_type": 3, "codename": "add_group"}}, {"model": "auth.permission", "pk": 10, "fields": {"name": "Can change group", "content_type": 3, "codename": "change_group"}}, {"model": "auth.permission", "pk": 11, "fields": {"name": "Can delete group", "content_type": 3, "codename": "delete_group"}}, {"model": "auth.permission", "pk": 12, "fields": {"name": "Can view group", "content_type": 3, "codename": "view_group"}}, {"model": "auth.permission", "pk": 13, "fields": {"name": "Can add user", "content_type": 4, "codename": "add_user"}}, {"model": "auth.permission", "pk": 14, "fields": {"name": "Can change user", "content_type": 4, "codename": "change_user"}}, {"model": "auth.permission", "pk": 15, "fields": {"name": "Can delete user", "content_type": 4, "codename": "delete_user"}}, {"model": "auth.permission", "pk": 16, "fields": {"name": "Can view user", "content_type": 4, "codename": "view_user"}}, {"model": "auth.permission", "pk": 17, "fields": {"name": "Can add content type", "content_type": 5, "codename": "add_contenttype"}}, {"model": "auth.permission", "pk": 18, "fields": {"name": "Can change content type", "content_type": 5, "codename": "change_contenttype"}}, {"model": "auth.permission", "pk": 19, "fields": {"name": "Can delete content type", "content_type": 5, "codename": "delete_contenttype"}}, {"model": "auth.permission", "pk": 20, "fields": {"name": "Can view content type", "content_type": 5, "codename": "view_contenttype"}}, {"model": "auth.permission", "pk": 21, "fields": {"name": "Can add session", "content_type": 6, "codename": "add_session"}}, {"model": "auth.permission", "pk": 22, "fields": {"name": "Can change session", "content_type": 6, "codename": "change_session"}}, {"model": "auth.permission", "pk": 23, "fields": {"name": "Can delete session", "content_type": 6, "codename": "delete_session"}}, {"model": "auth.permission", "pk": 24, "fields": {"name": "Can view session", "content_type": 6, "codename": "view_session"}}, {"model": "auth.permission", "pk": 25, "fields": {"name": "Can add grade", "content_type": 7, "codename": "add_grade"}}, {"model": "auth.permission", "pk": 26, "fields": {"name": "Can change grade", "content_type": 7, "codename": "change_grade"}}, {"model": "auth.permission", "pk": 27, "fields": {"name": "Can delete grade", "content_type": 7, "codename": "delete_grade"}}, {"model": "auth.permission", "pk": 28, "fields": {"name": "Can view grade", "content_type": 7, "codename": "view_grade"}}, {"model": "auth.permission", "pk": 29, "fields": {"name": "Can add parent", "content_type": 8, "codename": "add_parent"}}, {"model": "auth.permission", "pk": 30, "fields": {"name": "Can change parent", "content_type": 8, "codename": "change_parent"}}, {"model": "auth.permission", "pk": 31, "fields": {"name": "Can delete parent", "content_type": 8, "codename": "delete_parent"}}, {"model": "auth.permission", "pk": 32, "fields": {"name": "Can view parent", "content_type": 8, "codename": "view_parent"}}, {"model": "auth.permission", "pk": 33, "fields": {"name": "Can add principal", "content_type": 9, "codename": "add_principal"}}, {"model": "auth.permission", "pk": 34, "fields": {"name": "Can change principal", "content_type": 9, "codename": "change_principal"}}, {"model": "auth.permission", "pk": 35, "fields": {"name": "Can delete principal", "content_type": 9, "codename": "delete_principal"}}, {"model": "auth.permission", "pk": 36, "fields": {"name": "Can view principal", "content_type": 9, "codename": "view_principal"}}, {"model": "auth.permission", "pk": 37, "fields": {"name": "Can add subject", "content_type": 10, "codename": "add_subject"}}, {"model": "auth.permission", "pk": 38, "fields": {"name": "Can change subject", "content_type": 10, "codename": "change_subject"}}, {"model": "auth.permission", "pk": 39, "fields": {"name": "Can delete subject", "content_type": 10, "codename": "delete_subject"}}, {"model": "auth.permission", "pk": 40, "fields": {"name": "Can view subject", "content_type": 10, "codename": "view_subject"}}, {"model": "auth.permission", "pk": 41, "fields": {"name": "Can add year group", "content_type": 11, "codename": "add_yeargroup"}}, {"model": "auth.permission", "pk": 42, "fields": {"name": "Can change year group", "content_type": 11, "codename": "change_yeargroup"}}, {"model": "auth.permission", "pk": 43, "fields": {"name": "Can delete year group", "content_type": 11, "codename": "delete_yeargroup"}}, {"model": "auth.permission", "pk": 44, "fields": {"name": "Can view year group", "content_type": 11, "codename": "view_yeargroup"}}, {"model": "auth.permission", "pk": 45, "fields": {"name": "Can add student", "content_type": 12, "codename": "add_student"}}, {"model": "auth.permission", "pk": 46, "fields": {"name": "Can change student", "content_type": 12, "codename": "change_student"}}, {"model": "auth.permission", "pk": 47, "fields": {"name": "Can delete student", "content_type": 12, "codename": "delete_student"}}, {"model": "auth.permission", "pk": 48, "fields": {"name": "Can view student", "content_type": 12, "codename": "view_student"}}, {"model": "auth.permission", "pk": 49, "fields": {"name": "Can add homework", "content_type": 13, "codename": "add_homework"}}, {"model": "auth.permission", "pk": 50, "fields": {"name": "Can change homework", "content_type": 13, "codename": "change_homework"}}, {"model": "auth.permission", "pk": 51, "fields": {"name": "Can delete homework", "content_type": 13, "codename": "delete_homework"}}, {"model": "auth.permission", "pk": 52, "fields": {"name": "Can view homework", "content_type": 13, "codename": "view_homework"}}, {"model": "auth.permission", "pk": 53, "fields": {"name": "Can add teacher", "content_type": 14, "codename": "add_teacher"}}, {"model": "auth.permission", "pk": 54, "fields": {"name": "Can change teacher", "content_type": 14, "codename": "change_teacher"}}, {"model": "auth.permission", "pk": 55, "fields": {"name": "Can delete teacher", "content_type": 14, "codename": "delete_teacher"}}, {"model": "auth.permission", "pk": 56, "fields": {"name": "Can view teacher", "content_type": 14, "codename": "view_teacher"}}, {"model": "auth.permission", "pk": 57, "fields": {"name": "Can add year", "content_type": 15, "codename": "add_year"}}, {"model": "auth.permission", "pk": 58, "fields": {"name": "Can change year", "content_type": 15, "codename": "change_year"}}, {"model": "auth.permission", "pk": 59, "fields": {"name": "Can delete year", "content_type": 15, "codename": "delete_year"}}, {"model": "auth.permission", "pk": 60, "fields": {"name": "Can view year", "content_type": 15, "codename": "view_year"}}, {"model": "auth.permission", "pk": 61, "fields": {"name": "Can add student grade", "content_type": 16, "codename": "add_studentgrade"}}, {"model": "auth.permission", "pk": 62, "fields": {"name": "Can change student grade", "content_type": 16, "codename": "change_studentgrade"}}, {"model": "auth.permission", "pk": 63, "fields": {"name": "Can delete student grade", "content_type": 16, "codename": "delete_studentgrade"}}, {"model": "auth.permission", "pk": 64, "fields": {"name": "Can view student grade", "content_type": 16, "codename": "view_studentgrade"}}, {"model": "auth.permission", "pk": 65, "fields": {"name": "Can add status update", "content_type": 17, "codename": "add_statusupdate"}}, {"model": "auth.permission", "pk": 66, "fields": {"name": "Can change status update", "content_type": 17, "codename": "change_statusupdate"}}, {"model": "auth.permission", "pk": 67, "fields": {"name": "Can delete status update", "content_type": 17, "codename": "delete_statusupdate"}}, {"model": "auth.permission", "pk": 68, "fields": {"name": "Can view status update", "content_type": 17, "codename": "view_statusupdate"}}, {"model": "auth.permission", "pk": 69, "fields": {"name": "Can add message", "content_type": 18, "codename": "add_message"}}, {"model": "auth.permission", "pk": 70, "fields": {"name": "Can change message", "content_type": 18, "codename": "change_message"}}, {"model": "auth.permission", "pk": 71, "fields": {"name": "Can delete message", "content_type": 18, "codename": "delete_message"}}, {"model": "auth.permission", "pk": 72, "fields": {"name": "Can view message", "content_type": 18, "codename": "view_message"}}, {"model": "auth.group", "pk": 1, "fields": {"name": "Students", "permissions": [28, 52, 32, 36, 48, 64, 40, 56, 60, 44]}}, {"model": "auth.group", "pk": 2, "fields": {"name": "Teachers", "permissions": [26, 27, 28, 49, 50, 51, 52, 29, 30, 31, 32, 36, 45, 48, 61, 62, 63, 64, 40, 56, 60, 44]}}, {"model": "auth.group", "pk": 3, "fields": {"name": "Parents", "permissions": [28, 52, 32, 36, 48, 64, 40, 56]}}, {"model": "auth.user", "pk": 1, "fields": {"password": "pbkdf2_sha256$720000$hMu7RjMkrwOiS9tU1QC5LE$NfRwVNzglOQtOzCYvDe9y0YAkTtW2NLPpmoPZSDwUVU=", "last_login": "2024-03-19T12:09:31.751Z", "is_superuser": true, "username": "admin", "first_name": "", "last_name": "", "email": "admin@admin.ro", "is_staff": true, "is_active": true, "date_joined": "2024-03-11T11:54:03.462Z", "groups": [], "user_permissions": []}}, {"model": "auth.user", "pk": 3, "fields": {"password": "pbkdf2_sha256$720000$301DwHckdImu5XqWW9Gwpw$sVAeyVEv+FRdapB5aQB/5y0IX9tS232R7EwRwIxgZps=", "last_login": "2024-03-14T17:12:57.760Z", "is_superuser": false, "username": "escu_junior", "first_name": "", "last_name": "", "email": "", "is_staff": false, "is_active": true, "date_joined": "2024-03-11T14:13:48.473Z", "groups": [], "user_permissions": []}}, {"model": "auth.user", "pk": 5, "fields": {"password": "pbkdf2_sha256$720000$lI9SOyUN7wklYOIF2AHxmE$4ZV+yphH8T2cU3gtQ5dij9u5fd3p3uishLxDhGvfTjw=", "last_login": null, "is_superuser": false, "username": "tudor_adrian", "first_name": "", "last_name": "", "email": "", "is_staff": false, "is_active": true, "date_joined": "2024-03-11T15:44:45.410Z", "groups": [], "user_permissions": []}}, {"model": "auth.user", "pk": 6, "fields": {"password": "pbkdf2_sha256$720000$rWSblr4sB1qo1SRzeidtHA$TBmxwz06Qo40cOWm1a30QhCf7nKj7nPLM/7qWEPpZ/Y=", "last_login": null, "is_superuser": false, "username": "tudor_iulia", "first_name": "", "last_name": "", "email": "", "is_staff": false, "is_active": true, "date_joined": "2024-03-11T15:45:50.479Z", "groups": [], "user_permissions": []}}, {"model": "auth.user", "pk": 8, "fields": {"password": "pbkdf2_sha256$720000$jmR06gGyb5bi5MOyNCZwAe$shBoiH2aMQSHInefqGxC4QUL7j9+qimZ9XRfTgN86Os=", "last_login": null, "is_superuser": false, "username": "coman_iulia", "first_name": "", "last_name": "", "email": "", "is_staff": false, "is_active": true, "date_joined": "2024-03-11T15:46:20.175Z", "groups": [], "user_permissions": []}}, {"model": "auth.user", "pk": 9, "fields": {"password": "pbkdf2_sha256$720000$qeGvkjVn9KLsjBDCR5f22V$5QV6soVT2BjklMnt3eXNC1AttTcAN4BL041cKNKBjO0=", "last_login": null, "is_superuser": false, "username": "popescu_iulia", "first_name": "", "last_name": "", "email": "", "is_staff": false, "is_active": true, "date_joined": "2024-03-11T15:46:36.248Z", "groups": [], "user_permissions": []}}, {"model": "auth.user", "pk": 10, "fields": {"password": "pbkdf2_sha256$720000$384q3BhUsmR9kZ0wHZObYo$AdqHZHWDyCtOt1NiwA2rX+Ku7EXLbKtRX2WwHxcBNzc=", "last_login": null, "is_superuser": false, "username": "popescu_adrian", "first_name": "", "last_name": "", "email": "", "is_staff": false, "is_active": true, "date_joined": "2024-03-11T15:46:50.889Z", "groups": [], "user_permissions": []}}, {"model": "auth.user", "pk": 11, "fields": {"password": "pbkdf2_sha256$720000$H3dlpMBm1focUaqE5BIAPI$GYLEAfW4G5KC+Ks0d8lXbu8Ctjjw/tFc+/GqvkoXCXY=", "last_login": null, "is_superuser": false, "username": "escu_andrei", "first_name": "", "last_name": "", "email": "", "is_staff": false, "is_active": true, "date_joined": "2024-03-11T15:47:02.690Z", "groups": [], "user_permissions": []}}, {"model": "auth.user", "pk": 12, "fields": {"password": "pbkdf2_sha256$720000$MZK9qtKfa5P5Ph7B6bY53d$4XmHDqc4iFxmY9Gg+rzpxkzuQVbyjL1sM7nOcpjqSAU=", "last_login": null, "is_superuser": false, "username": "escu_georgiana", "first_name": "", "last_name": "", "email": "", "is_staff": false, "is_active": true, "date_joined": "2024-03-11T15:47:14.502Z", "groups": [], "user_permissions": []}}, {"model": "auth.user", "pk": 15, "fields": {"password": "pbkdf2_sha256$720000$5rPfVhjc5UdGb6R2EDAc9V$9MNTYNrYWicdGASA8YJ4aQCph5nNxVfbC99qHmGXGfw=", "last_login": null, "is_superuser": false, "username": "jane_doe", "first_name": "", "last_name": "", "email": "", "is_staff": false, "is_active": true, "date_joined": "2024-03-11T15:47:40.729Z", "groups": [], "user_permissions": []}}, {"model": "auth.user", "pk": 16, "fields": {"password": "pbkdf2_sha256$720000$CyfzwuiuntmlWTbVhxBZQe$n203HczV/P917zg+ITVeJM7XOm4jJiePJFaPhAYhico=", "last_login": null, "is_superuser": false, "username": "drinceanu_iulia", "first_name": "", "last_name": "", "email": "", "is_staff": false, "is_active": true, "date_joined": "2024-03-11T15:47:47.173Z", "groups": [], "user_permissions": []}}, {"model": "auth.user", "pk": 23, "fields": {"password": "pbkdf2_sha256$720000$pf63PAUSDTE9JEyKvRS4ez$awfMA59BiXvZIjh1Zn4GjxcqbtZ8+pjlEzelXIaXzCY=", "last_login": "2024-03-12T11:44:27.294Z", "is_superuser": false, "username": "john_doe", "first_name": "", "last_name": "", "email": "", "is_staff": false, "is_active": true, "date_joined": "2024-03-12T11:43:30.255Z", "groups": [2], "user_permissions": []}}, {"model": "auth.user", "pk": 25, "fields": {"password": "pbkdf2_sha256$720000$UmBjfLPKoAg7x1hLcMlfFn$8tRqmyoZlh7MJjyyokAOnVQ4RDZAr2pPgaRKMSlv4y8=", "last_login": "2024-03-18T14:16:41.256Z", "is_superuser": false, "username": "adi_adi", "first_name": "", "last_name": "", "email": "", "is_staff": false, "is_active": true, "date_joined": "2024-03-12T12:25:22.652Z", "groups": [2], "user_permissions": []}}, {"model": "auth.user", "pk": 28, "fields": {"password": "pbkdf2_sha256$720000$YJK87r1eZ3aRw3p2C8Hv9h$3/bfMFk09AcLjVN+FhdT6WzoDuTSVK3rgmdCzSC5AnU=", "last_login": "2024-03-18T14:23:22.016Z", "is_superuser": false, "username": "adrian_adrian", "first_name": "", "last_name": "", "email": "", "is_staff": false, "is_active": true, "date_joined": "2024-03-12T12:36:45.979Z", "groups": [1], "user_permissions": []}}, {"model": "auth.user", "pk": 29, "fields": {"password": "pbkdf2_sha256$720000$ffDkC2jUtcah8LaR4cop7t$W3PEktZyRt02++9wvZk/eBCXRWA4qXE4ZWxsFisU8+c=", "last_login": "2024-03-14T17:13:39.536Z", "is_superuser": false, "username": "escu_junior_1", "first_name": "", "last_name": "", "email": "", "is_staff": false, "is_active": true, "date_joined": "2024-03-12T12:55:54Z", "groups": [1], "user_permissions": []}}, {"model": "auth.user", "pk": 30, "fields": {"password": "pbkdf2_sha256$720000$stsP08FjDGCWFEuLwIGJco$RiXe8XyNsLslXkWDbYZUzpzWGuS2wOomStGIyqGxFYI=", "last_login": "2024-03-18T14:30:46.106Z", "is_superuser": false, "username": "ping_pong", "first_name": "", "last_name": "", "email": "", "is_staff": false, "is_active": true, "date_joined": "2024-03-12T13:02:56.963Z", "groups": [1], "user_permissions": []}}, {"model": "auth.user", "pk": 32, "fields": {"password": "pbkdf2_sha256$720000$67t3lo6h4DX8oaJnFs2LMW$rabgaBi3QfdmYzhj7hbWoFwg6dbd/f5QKU3ihjM6ClU=", "last_login": "2024-03-19T17:11:51.412Z", "is_superuser": false, "username": "drinceanu_andrei", "first_name": "", "last_name": "", "email": "", "is_staff": false, "is_active": true, "date_joined": "2024-03-19T07:43:19.212Z", "groups": [3], "user_permissions": []}}, {"model": "auth.user", "pk": 33, "fields": {"password": "pbkdf2_sha256$720000$Q2gTSP4rQKRGDJzKCQ19Bp$uDmMB5i4A+fhY8ZWqBS0SwFWRW6BEAyU7/IMmzAxUKg=", "last_login": null, "is_superuser": false, "username": "drinceanu_ana", "first_name": "", "last_name": "", "email": "", "is_staff": false, "is_active": true, "date_joined": "2024-03-19T07:44:18.993Z", "groups": [3], "user_permissions": []}}, {"model": "auth.user", "pk": 34, "fields": {"password": "pbkdf2_sha256$720000$1zYQGwwxssW0yAoqgIQajS$HEU7v4HGcQh+9J4nCvXUUTpmHRsktghqFd7+fEWO0V4=", "last_login": null, "is_superuser": false, "username": "popescu_ionut", "first_name": "", "last_name": "", "email": "", "is_staff": false, "is_active": true, "date_joined": "2024-03-19T07:46:41.454Z", "groups": [3], "user_permissions": []}}, {"model": "auth.user", "pk": 35, "fields": {"password": "pbkdf2_sha256$720000$pWmwLwFTZq5ePpg3EC4Svp$Re2esm/X54DA4+JF+bevS1cEsB2I4SnHbqlsgu5RYb8=", "last_login": null, "is_superuser": false, "username": "popescu_ioana", "first_name": "", "last_name": "", "email": "", "is_staff": false, "is_active": true, "date_joined": "2024-03-19T07:47:06.476Z", "groups": [3], "user_permissions": []}}, {"model": "auth.user", "pk": 36, "fields": {"password": "pbkdf2_sha256$720000$ZDCbsYoRBUf69131tmpS6Y$Qm6eOnulKbXeFiViHcZ6OODFxrt1t7yTkFiOw6xL3m8=", "last_login": "2024-03-19T17:13:51.270Z", "is_superuser": false, "username": "drinceanu_adrian", "first_name": "", "last_name": "", "email": "", "is_staff": false, "is_active": true, "date_joined": "2024-03-19T07:48:23.172Z", "groups": [1], "user_permissions": []}}, {"model": "auth.user", "pk": 37, "fields": {"password": "pbkdf2_sha256$720000$3IqjVfjnJts8wexhFpIzPi$S43wvabP3pTfGCql2vAKetz8UoG+e3xCY48RRSThNm8=", "last_login": "2024-03-19T17:14:07.436Z", "is_superuser": false, "username": "popescu_gabriela", "first_name": "", "last_name": "", "email": "", "is_staff": false, "is_active": true, "date_joined": "2024-03-19T07:49:32.796Z", "groups": [1], "user_permissions": []}}, {"model": "auth.user", "pk": 38, "fields": {"password": "pbkdf2_sha256$720000$2NHqAAnDwkcb48jlfmXabZ$8nXxXPE5jGPPwAURFXa3mSlIK3SVcEWpkroDw4s1KFg=", "last_login": "2024-03-19T17:12:13.564Z", "is_superuser": false, "username": "coman_andrei", "first_name": "", "last_name": "", "email": "", "is_staff": false, "is_active": true, "date_joined": "2024-03-19T07:50:32.423Z", "groups": [2], "user_permissions": []}}, {"model": "auth.user", "pk": 39, "fields": {"password": "pbkdf2_sha256$720000$Io1jsx97TOrZuBuJ2ikflh$8Nh/W4THVyzvDpKXJij5KNqNIBr9nukf6AfQivwGohY=", "last_login": null, "is_superuser": false, "username": "tudor_iulian", "first_name": "", "last_name": "", "email": "", "is_staff": false, "is_active": true, "date_joined": "2024-03-19T12:11:18.601Z", "groups": [1], "user_permissions": []}}, {"model": "contenttypes.contenttype", "pk": 1, "fields": {"app_label": "admin", "model": "logentry"}}, {"model": "contenttypes.contenttype", "pk": 2, "fields": {"app_label": "auth", "model": "permission"}}, {"model": "contenttypes.contenttype", "pk": 3, "fields": {"app_label": "auth", "model": "group"}}, {"model": "contenttypes.contenttype", "pk": 4, "fields": {"app_label": "auth", "model": "user"}}, {"model": "contenttypes.contenttype", "pk": 5, "fields": {"app_label": "contenttypes", "model": "contenttype"}}, {"model": "contenttypes.contenttype", "pk": 6, "fields": {"app_label": "sessions", "model": "session"}}, {"model": "contenttypes.contenttype", "pk": 7, "fields": {"app_label": "core", "model": "grade"}}, {"model": "contenttypes.contenttype", "pk": 8, "fields": {"app_label": "core", "model": "parent"}}, {"model": "contenttypes.contenttype", "pk": 9, "fields": {"app_label": "core", "model": "principal"}}, {"model": "contenttypes.contenttype", "pk": 10, "fields": {"app_label": "core", "model": "subject"}}, {"model": "contenttypes.contenttype", "pk": 11, "fields": {"app_label": "core", "model": "yeargroup"}}, {"model": "contenttypes.contenttype", "pk": 12, "fields": {"app_label": "core", "model": "student"}}, {"model": "contenttypes.contenttype", "pk": 13, "fields": {"app_label": "core", "model": "homework"}}, {"model": "contenttypes.contenttype", "pk": 14, "fields": {"app_label": "core", "model": "teacher"}}, {"model": "contenttypes.contenttype", "pk": 15, "fields": {"app_label": "core", "model": "year"}}, {"model": "contenttypes.contenttype", "pk": 16, "fields": {"app_label": "core", "model": "studentgrade"}}, {"model": "contenttypes.contenttype", "pk": 17, "fields": {"app_label": "core", "model": "statusupdate"}}, {"model": "contenttypes.contenttype", "pk": 18, "fields": {"app_label": "core", "model": "message"}}, {"model": "sessions.session", "pk": "0j9xoj813524pvt8ey6te6sg6tfedplt", "fields": {"session_data": ".eJxVjDEOwjAMRe-SGUUklWvDyM4ZIid2SAElUtNOiLtDpQ6w_vfef5nA61LC2nUOk5izGdAcfsfI6aF1I3Lnems2tbrMU7SbYnfa7bWJPi-7-3dQuJdvPSqy0KiA-QgsQon0JJTJKyGCogIM6n0cxJHL6AlElAiTd0go5v0BIU04Rw:1rmd2N:gltSzn0oLuYKTc9naOnXdSIbVl5hTq8w2Gg-0GCHKI8", "expire_date": "2024-04-02T17:14:07.558Z"}}, {"model": "sessions.session", "pk": "4opwfh2delk7dryk9woigayvreji5v10", "fields": {"session_data": ".eJxVjDkOwjAUBe_iGlneY1PScwbrLw4OIEeKkwpxd4iUAto3M-8lMmxrzVsvS55YnIUWp98NgR6l7YDv0G6zpLmty4RyV-RBu7zOXJ6Xw_07qNDrt45aOWsRnE6JArFhS3bwvtgYkNRoNMYhIo3GBE6kQkLnIVoDJRlkJd4fzrA3mw:1rmYEq:5ByjR9eIMrj4awYJnjmY1tRsd2XqRhla5Vs6Y2d4IO8", "expire_date": "2024-04-02T12:06:40.292Z"}}, {"model": "sessions.session", "pk": "8knxoi6zuqcfawgey2o4tm302xoq03so", "fields": {"session_data": ".eJxVjMEOwiAQRP-FsyGAsAsevfsNBHaJVA1NSnsy_rs06UEzt3lv5i1i2tYat16WOLG4COPF6bfMiZ6l7YQfqd1nSXNblynLXZEH7fI2c3ldD_fvoKZexzo4yI6YrYOEYDWwx0wYklHGGs84oNJnR0FZjTQCoLx2BRF89lZ8vuzXNtQ:1rkhEO:DfqOgVbWnWzVgNwBZNvuGrfEDok5SORyioetnJBdwVg", "expire_date": "2024-03-28T09:18:32.951Z"}}, {"model": "sessions.session", "pk": "ahhzwsvg9valex9gn6wnd6qpmcw0czw4", "fields": {"session_data": ".eJxVjEEOgjAQRe_StWmGKS3FpXvOQKYzo6CmTSisjHdXEha6_e-9_zIjbes0blWXcRZzNi6Y0--YiB-adyJ3yrdiueR1mZPdFXvQaoci-rwc7t_BRHX61uo66a5904EyUgs-EkT12CdkJw65adElEBdZg4j3BL7HgMAcQyti3h__cjfK:1rmd27:_D-k3ALzIixw2Ti7au7qE_Bfa7GEVPEv9g9RAZaDShI", "expire_date": "2024-04-02T17:13:51.386Z"}}, {"model": "sessions.session", "pk": "ce86x7hxahoi6lqzvachv6f175c4jn83", "fields": {"session_data": ".eJxVjDkOwjAUBe_iGlneY1PScwbrLw4OIEeKkwpxd4iUAto3M-8lMmxrzVsvS55YnIUWp98NgR6l7YDv0G6zpLmty4RyV-RBu7zOXJ6Xw_07qNDrt45aOWsRnE6JArFhS3bwvtgYkNRoNMYhIo3GBE6kQkLnIVoDJRlkJd4fzrA3mw:1rk1Ec:2tUjeEGW7xcIc1ESO1fIazYbKxdvNxohp8KuY282ECI", "expire_date": "2024-03-26T12:27:58.815Z"}}, {"model": "sessions.session", "pk": "f4pxzxbvg5vdyc69ewm0fivpmxju8616", "fields": {"session_data": ".eJxVjEEOwiAQRe_C2hA6MgVcuu8ZyAwMUjVtUtqV8e7apAvd_vfef6lI21rj1mSJY1YXdTbq9DsypYdMO8l3mm6zTvO0LiPrXdEHbXqYszyvh_t3UKnVb20JCDMTgu-CsykU5xP3JBYMcOcZne0tIWKg0ol4ZBYBRAcGpYB6fwAGqzgF:1rmE0k:_gu9W7jsArCU02KKT8fdVYDClCAql3f6aHW5DmJ56vc", "expire_date": "2024-04-01T14:30:46.198Z"}}, {"model": "sessions.session", "pk": "gmbll0xnwopm1hsjhs7946c69oy646mp", "fields": {"session_data": ".eJxVjMEOwiAQRP-FsyGAsAsevfsNBHaJVA1NSnsy_rs06UEzt3lv5i1i2tYat16WOLG4COPF6bfMiZ6l7YQfqd1nSXNblynLXZEH7fI2c3ldD_fvoKZexzo4yI6YrYOEYDWwx0wYklHGGs84oNJnR0FZjTQCoLx2BRF89lZ8vuzXNtQ:1rkhJQ:kMVL6t_MpsCjQWWfAMcy_IuWWYnROnyPB06P02XC8Ec", "expire_date": "2024-03-28T09:23:44.008Z"}}, {"model": "sessions.session", "pk": "j489xl68c7sdd2vxl4cwh6beelw9d4k3", "fields": {"session_data": ".eJxVjMsOwiAQRf-FtSEMr4JL934DAWaQqoGktCvjv2uTLnR7zzn3xULc1hq2QUuYkZ2ZNOz0O6aYH9R2gvfYbp3n3tZlTnxX-EEHv3ak5-Vw_w5qHPVbC20hTZ5MzKX4KA16DVoXORXMzjuUklTSaEAoa6AACrIOizPgCZRl7w8GCDe3:1rkhE4:GyN9SrA-5piopeCAX-zxK62iHaQly5sB9rrkyZk-Pvk", "expire_date": "2024-03-28T09:18:12.323Z"}}, {"model": "sessions.session", "pk": "k2qawzmw9a3wxw8le1yo5x3nuic3fm8w", "fields": {"session_data": ".eJxVjMsOwiAUBf-FtSGFVuC6dO83EO4DqRqalHZl_HfbpAvdnpk5bxXTupS4NpnjyOqiLKjT74iJnlJ3wo9U75OmqS7ziHpX9EGbvk0sr-vh_h2U1MpWkwcKGFxwVoCMdw4dC2Um8J5B4AwY2GyAkLrch8F22Qy98ZbR2aw-XxkxODM:1rkoeB:y354CcsLEAs0iLpMn4DE5r6GF7oIC5IHGg04yeoWp98", "expire_date": "2024-03-28T17:13:39.618Z"}}, {"model": "sessions.session", "pk": "m88p0s70b986zkd675v08bwm3hokhu2z", "fields": {"session_data": "e30:1rjyze:pguJJOkyCe1Jp2Tfxkx3vAgxZe3nmrZPEOAeQ0cuv9M", "expire_date": "2024-03-26T10:04:22.921Z"}}, {"model": "sessions.session", "pk": "qjfrj72peb272p36lazhodiiv6mzrkxe", "fields": {"session_data": ".eJxVjMEOwiAQRP-FsyGAsAsevfsNBHaJVA1NSnsy_rs06UEzt3lv5i1i2tYat16WOLG4COPF6bfMiZ6l7YQfqd1nSXNblynLXZEH7fI2c3ldD_fvoKZexzo4yI6YrYOEYDWwx0wYklHGGs84oNJnR0FZjTQCoLx2BRF89lZ8vuzXNtQ:1rki9l:txaFm9wCVGSFGBEsdYcUeQufOWWdxlnKNgUae47OPCo", "expire_date": "2024-03-28T10:17:49.634Z"}}, {"model": "sessions.session", "pk": "unbfdperkhyzz4n1avpuavdltzb9ho05", "fields": {"session_data": ".eJxVjMEOwiAQRP-FsyGAsAsevfsNBHaJVA1NSnsy_rs06UEzt3lv5i1i2tYat16WOLG4COPF6bfMiZ6l7YQfqd1nSXNblynLXZEH7fI2c3ldD_fvoKZexzo4yI6YrYOEYDWwx0wYklHGGs84oNJnR0FZjTQCoLx2BRF89lZ8vuzXNtQ:1rkhOI:fEsaooLpdsXkSROQiQa9n5VsvMytj_r4rsgqjyTKXX0", "expire_date": "2024-03-28T09:28:46.047Z"}}, {"model": "sessions.session", "pk": "w5viq0wwiuhaah0oahvca3lqhnmk71yd", "fields": {"session_data": ".eJxVjMEOwiAQRP-FsyGAsAsevfsNBHaJVA1NSnsy_rs06UEzt3lv5i1i2tYat16WOLG4COPF6bfMiZ6l7YQfqd1nSXNblynLXZEH7fI2c3ldD_fvoKZexzo4yI6YrYOEYDWwx0wYklHGGs84oNJnR0FZjTQCoLx2BRF89lZ8vuzXNtQ:1rkhAR:ZN1I_W-yGyLFEMko29sTGTzooSVE1Q9IcN4iTCB0RAY", "expire_date": "2024-03-28T09:14:27.769Z"}}, {"model": "sessions.session", "pk": "xwqhceo23m2vr0o8t0lqjyflw554ku2e", "fields": {"session_data": ".eJxVjMEOwiAQRP-FsyGAsAsevfsNBHaJVA1NSnsy_rs06UEzt3lv5i1i2tYat16WOLG4COPF6bfMiZ6l7YQfqd1nSXNblynLXZEH7fI2c3ldD_fvoKZexzo4yI6YrYOEYDWwx0wYklHGGs84oNJnR0FZjTQCoLx2BRF89lZ8vuzXNtQ:1rkhBz:P1o8gbnDJ9ivNvdg4Vf34ztNYdC3QZmFWbQFqQjPazs", "expire_date": "2024-03-28T09:16:03.514Z"}}, {"model": "sessions.session", "pk": "y0mjt2u2qqb1q9md9zn0rt00lc5mtckj", "fields": {"session_data": ".eJxVjMEOwiAQRP-FsyGAsAsevfsNBHaJVA1NSnsy_rs06UEzt3lv5i1i2tYat16WOLG4COPF6bfMiZ6l7YQfqd1nSXNblynLXZEH7fI2c3ldD_fvoKZexzo4yI6YrYOEYDWwx0wYklHGGs84oNJnR0FZjTQCoLx2BRF89lZ8vuzXNtQ:1rkh0z:KA48UWPDioE-yA36WTvExNnSQGNqiyOL99VZDrU-THw", "expire_date": "2024-03-28T09:04:41.723Z"}}, {"model": "sessions.session", "pk": "y12k939tr3w7cr53wvrlyzol06nk3uli", "fields": {"session_data": ".eJxVjMEOwiAQRP-FsyGAsAsevfsNBHaJVA1NSnsy_rs06UEzt3lv5i1i2tYat16WOLG4COPF6bfMiZ6l7YQfqd1nSXNblynLXZEH7fI2c3ldD_fvoKZexzo4yI6YrYOEYDWwx0wYklHGGs84oNJnR0FZjTQCoLx2BRF89lZ8vuzXNtQ:1rkhKO:JPvOTyzogWJKdkb9qfax4o4MSDQKfC1H7AkM64zqItg", "expire_date": "2024-03-28T09:24:44.171Z"}}, {"model": "core.message", "pk": 168, "fields": {"user": 30, "username": "ping_pong", "content": "hello", "timestamp": "2024-03-18T13:23:25.431Z", "chat_id": "adrian_adrian_ping_pong"}}, {"model": "core.message", "pk": 169, "fields": {"user": 28, "username": "adrian_adrian", "content": "how are you my friend", "timestamp": "2024-03-18T13:23:37.963Z", "chat_id": "adrian_adrian_ping_pong"}}, {"model": "core.message", "pk": 170, "fields": {"user": 30, "username": "ping_pong", "content": "i'm good thanks", "timestamp": "2024-03-18T13:32:33.019Z", "chat_id": "adrian_adrian_ping_pong"}}, {"model": "core.message", "pk": 171, "fields": {"user": 28, "username": "adrian_adrian", "content": "hello again", "timestamp": "2024-03-18T13:37:55.525Z", "chat_id": "adrian_adrian_ping_pong"}}, {"model": "core.message", "pk": 172, "fields": {"user": 30, "username": "ping_pong", "content": "how are you my firend?", "timestamp": "2024-03-18T13:51:23.208Z", "chat_id": "adrian_adrian_ping_pong"}}, {"model": "core.message", "pk": 173, "fields": {"user": 28, "username": "adrian_adrian", "content": "i'm fine", "timestamp": "2024-03-18T13:51:38.519Z", "chat_id": "adrian_adrian_ping_pong"}}, {"model": "core.message", "pk": 174, "fields": {"user": 30, "username": "ping_pong", "content": "hey", "timestamp": "2024-03-18T14:31:31.875Z", "chat_id": "adrian_adrian_ping_pong"}}, {"model": "core.message", "pk": 175, "fields": {"user": 37, "username": "popescu_gabriela", "content": "hello, how are you?", "timestamp": "2024-03-19T09:54:14.550Z", "chat_id": "drinceanu_adrian_popescu_gabriela"}}, {"model": "core.message", "pk": 176, "fields": {"user": 36, "username": "drinceanu_adrian", "content": "i'm fine thanks. and you?", "timestamp": "2024-03-19T09:54:28.562Z", "chat_id": "drinceanu_adrian_popescu_gabriela"}}, {"model": "core.message", "pk": 177, "fields": {"user": 37, "username": "popescu_gabriela", "content": "that's great", "timestamp": "2024-03-19T09:54:38.516Z", "chat_id": "drinceanu_adrian_popescu_gabriela"}}, {"model": "core.message", "pk": 178, "fields": {"user": 37, "username": "popescu_gabriela", "content": "hei, ce faci?", "timestamp": "2024-03-19T17:15:39.695Z", "chat_id": "drinceanu_adrian_popescu_gabriela"}}, {"model": "core.message", "pk": 179, "fields": {"user": 36, "username": "drinceanu_adrian", "content": "bine, tu?", "timestamp": "2024-03-19T17:16:12.631Z", "chat_id": "drinceanu_adrian_popescu_gabriela"}}, {"model": "core.principal", "pk": 1, "fields": {"name": "Drinceanu Adrian"}}, {"model": "core.parent", "pk": 1, "fields": {"name": "Escu Georgiana", "email": "escu_g@parent.ro", "phone": "0765432100", "group": 3, "user": null, "profile_pic": ""}}, {"model": "core.parent", "pk": 2, "fields": {"name": "Escu Andrei", "email": "escu_a@parent.ro", "phone": "0765432100", "group": 3, "user": null, "profile_pic": ""}}, {"model": "core.parent", "pk": 3, "fields": {"name": "Popescu Adrian", "email": "popescu_a@parent.ro", "phone": "0765432100", "group": 3, "user": null, "profile_pic": ""}}, {"model": "core.parent", "pk": 4, "fields": {"name": "Popescu Iulia", "email": "popescu_i@parent.ro", "phone": "0765432100", "group": 3, "user": null, "profile_pic": ""}}, {"model": "core.parent", "pk": 5, "fields": {"name": "Coman Iulia", "email": "coman_i@parent.ro", "phone": "0765432100", "group": 3, "user": null, "profile_pic": ""}}, {"model": "core.parent", "pk": 6, "fields": {"name": "Coman Andrei", "email": "coman@parent.ro", "phone": "0765432100", "group": 3, "user": null, "profile_pic": ""}}, {"model": "core.parent", "pk": 7, "fields": {"name": "Tudor Adrian", "email": "iulia@parent.ro", "phone": "0765432100", "group": 3, "user": null, "profile_pic": ""}}, {"model": "core.parent", "pk": 8, "fields": {"name": "Tudor Iulia", "email": "iulia@parent.ro", "phone": "0765432100", "group": 3, "user": null, "profile_pic": ""}}, {"model": "core.parent", "pk": 9, "fields": {"name": "Drinceanu Andrei", "email": "andrei@parents.ro", "phone": "07000000", "group": 3, "user": 32, "profile_pic": "static/images/drinceanu_andrei.jpg"}}, {"model": "core.parent", "pk": 10, "fields": {"name": "Drinceanu Ana", "email": "ana@parents.ro", "phone": "07000000", "group": 3, "user": 33, "profile_pic": "static/images/drinceanu_ana.jpg"}}, {"model": "core.parent", "pk": 11, "fields": {"name": "Popescu Ionut", "email": "ionut@parents.ro", "phone": "070000000", "group": 3, "user": 34, "profile_pic": "static/images/popescu_ionut.jpg"}}, {"model": "core.parent", "pk": 12, "fields": {"name": "Popescu Ioana", "email": "ioana@parents.ro", "phone": "07000000", "group": 3, "user": 35, "profile_pic": "static/images/popescu_ioana.jpg"}}, {"model": "core.teacher", "pk": 1, "fields": {"name": "Drinceanu Iulia", "phone": "0765432100", "group": 2, "user": null, "profile_pic": "", "subjects": [3, 6]}}, {"model": "core.teacher", "pk": 2, "fields": {"name": "Jane Doe", "phone": "0765432100", "group": 2, "user": null, "profile_pic": "", "subjects": [1, 5]}}, {"model": "core.teacher", "pk": 3, "fields": {"name": "John Doe", "phone": "0765432100", "group": 2, "user": null, "profile_pic": "", "subjects": [1]}}, {"model": "core.teacher", "pk": 5, "fields": {"name": "adi adi", "phone": "0765432100", "group": 2, "user": 25, "profile_pic": "school_manager/static/images/280402653_5480872945280312_3852524378866026897_n.jpg", "subjects": [1, 2]}}, {"model": "core.teacher", "pk": 7, "fields": {"name": "Coman Andrei", "phone": "07000000", "group": 2, "user": 38, "profile_pic": "static/images/coman_andrei_du3lIUM.jpeg", "subjects": [1, 2, 5]}}, {"model": "core.yeargroup", "pk": 5, "fields": {"name": "A"}}, {"model": "core.yeargroup", "pk": 6, "fields": {"name": "B"}}, {"model": "core.yeargroup", "pk": 7, "fields": {"name": "C"}}, {"model": "core.year", "pk": 1, "fields": {"year": 1, "teachers": [1]}}, {"model": "core.year", "pk": 2, "fields": {"year": 2, "teachers": [1, 2]}}, {"model": "core.year", "pk": 3, "fields": {"year": 3, "teachers": [1, 2]}}, {"model": "core.year", "pk": 4, "fields": {"year": 4, "teachers": [1, 2]}}, {"model": "core.student", "pk": 6, "fields": {"user": 29, "first_name": "Escu", "last_name": "Junior", "group": 1, "phone": "0725563556", "year": 1, "year_group": 5, "profile_pic": "static/images/4a6adb72-fe7d-4a5d-8b3c-2841815d5983_L3tW66x.jpeg", "parents": [1, 2], "teachers": [1, 5], "subjects": [1, 3]}}, {"model": "core.student", "pk": 10, "fields": {"user": 36, "first_name": "Drinceanu", "last_name": "Adrian", "group": 1, "phone": "07000000", "year": 1, "year_group": 5, "profile_pic": "static/images/280402653_5480872945280312_3852524378866026897_n.jpg", "parents": [9, 10], "teachers": [1, 7], "subjects": [1, 2, 3, 5]}}, {"model": "core.student", "pk": 11, "fields": {"user": 37, "first_name": "Popescu", "last_name": "Gabriela", "group": 1, "phone": "07000000", "year": 1, "year_group": 6, "profile_pic": "static/images/ilie_anamaria_340_340_thumb.jpg", "parents": [11, 12], "teachers": [1, 7], "subjects": [3, 4, 6]}}, {"model": "core.student", "pk": 12, "fields": {"user": 39, "first_name": "Tudor", "last_name": "Iulian", "group": 1, "phone": "07000000", "year": 2, "year_group": 7, "profile_pic": "static/images/beniamin.png", "parents": [7, 8], "teachers": [1, 7], "subjects": [2, 3, 4]}}, {"model": "core.statusupdate", "pk": 2, "fields": {"user": 30, "content": "Yup, still bad", "timestamp": "2024-03-13T09:09:29.495Z"}}, {"model": "core.statusupdate", "pk": 3, "fields": {"user": 28, "content": "yiup", "timestamp": "2024-03-14T08:29:20.213Z"}}, {"model": "core.statusupdate", "pk": 4, "fields": {"user": 28, "content": "dap", "timestamp": "2024-03-18T09:20:50.212Z"}}, {"model": "core.statusupdate", "pk": 5, "fields": {"user": 28, "content": "Today i'm feeling better", "timestamp": "2024-03-18T14:08:44.911Z"}}, {"model": "core.statusupdate", "pk": 6, "fields": {"user": 30, "content": "hey hey. here's my cat.", "timestamp": "2024-03-18T14:32:27.094Z"}}, {"model": "core.statusupdate", "pk": 7, "fields": {"user": 36, "content": "Hello fellow students, how are you today? Today i'm about to let my parents know about my grades.", "timestamp": "2024-03-19T08:22:49.771Z"}}, {"model": "core.statusupdate", "pk": 8, "fields": {"user": 37, "content": "I just got a 10 in Math. Me happy today!", "timestamp": "2024-03-19T09:54:05.597Z"}}, {"model": "core.statusupdate", "pk": 9, "fields": {"user": 36, "content": "astazi ma simt bine", "timestamp": "2024-03-19T17:14:32.916Z"}}, {"model": "core.subject", "pk": 1, "fields": {"name": "Math"}}, {"model": "core.subject", "pk": 2, "fields": {"name": "Programming"}}, {"model": "core.subject", "pk": 3, "fields": {"name": "Arts"}}, {"model": "core.subject", "pk": 4, "fields": {"name": "Sport"}}, {"model": "core.subject", "pk": 5, "fields": {"name": "Calculus"}}, {"model": "core.subject", "pk": 6, "fields": {"name": "Languages"}}, {"model": "core.grade", "pk": 1, "fields": {"grade": 1}}, {"model": "core.grade", "pk": 2, "fields": {"grade": 2}}, {"model": "core.grade", "pk": 3, "fields": {"grade": 3}}, {"model": "core.grade", "pk": 4, "fields": {"grade": 4}}, {"model": "core.grade", "pk": 5, "fields": {"grade": 5}}, {"model": "core.grade", "pk": 6, "fields": {"grade": 6}}, {"model": "core.grade", "pk": 7, "fields": {"grade": 7}}, {"model": "core.grade", "pk": 8, "fields": {"grade": 8}}, {"model": "core.grade", "pk": 9, "fields": {"grade": 9}}, {"model": "core.grade", "pk": 10, "fields": {"grade": 10}}, {"model": "core.studentgrade", "pk": 21, "fields": {"student": 6, "subject": 3, "grade": 2}}, {"model": "core.studentgrade", "pk": 23, "fields": {"student": 6, "subject": 3, "grade": 2}}, {"model": "core.studentgrade", "pk": 24, "fields": {"student": 6, "subject": 3, "grade": 2}}, {"model": "core.studentgrade", "pk": 67, "fields": {"student": 6, "subject": 1, "grade": 1}}, {"model": "core.studentgrade", "pk": 68, "fields": {"student": 10, "subject": 2, "grade": 10}}, {"model": "core.studentgrade", "pk": 69, "fields": {"student": 10, "subject": 2, "grade": 10}}, {"model": "core.studentgrade", "pk": 71, "fields": {"student": 10, "subject": 1, "grade": 10}}, {"model": "core.studentgrade", "pk": 72, "fields": {"student": 11, "subject": 5, "grade": 10}}, {"model": "core.studentgrade", "pk": 73, "fields": {"student": 11, "subject": 5, "grade": 9}}, {"model": "core.studentgrade", "pk": 74, "fields": {"student": 11, "subject": 2, "grade": 9}}, {"model": "core.studentgrade", "pk": 75, "fields": {"student": 11, "subject": 1, "grade": 10}}, {"model": "core.studentgrade", "pk": 76, "fields": {"student": 10, "subject": 2, "grade": 10}}, {"model": "core.homework", "pk": 1, "fields": {"title": "Python Homework", "description": "Pornind de la setul de date de aici https://data.cityofnewyork.us/api/views/h9gi-nx95/rows.csv?accessType=DOWNLOAD , filtrati folosind un generator doar accidentele in care au fost implicate taxi-uri", "due_date": "2024-05-01", "subject": 2, "is_done": false, "students": [10]}}, {"model": "core.homework", "pk": 2, "fields": {"title": "TicTacToe in Python", "description": "I need you to write me the code for TicTacToe in python.", "due_date": "2024-05-16", "subject": 2, "is_done": false, "students": [10]}}, {"model": "core.homework", "pk": 3, "fields": {"title": "What is the logarithm for finding the smallest number", "description": "Write the ecuation", "due_date": "2024-05-11", "subject": 1, "is_done": false, "students": [11]}}, {"model": "core.homework", "pk": 4, "fields": {"title": "Monopy in Python", "description": "Write me the Monopoly code in python. Ensure that you did the tests in pytest.", "due_date": "2024-05-11", "subject": 2, "is_done": false, "students": [11]}}, {"model": "core.homework", "pk": 5, "fields": {"title": "Monopoly in python", "description": "please write the monopoly code in python", "due_date": "2024-05-11", "subject": 2, "is_done": true, "students": [10]}}]